UNIQUE_ID,UNIQUE_ID2,STEPSEQ,LOT_ID,Wafer,P_EQPID,Photo_PPID,MMO_MRC_EQP,P_TIME,M_TIME,ChuckID,dCol,dRow,POS_X_VALN,POS_Y_VALN,RK1,RK2,RK3,RK4,RK5,RK6,RK7,RK8,RK9,RK10,RK11,RK12,RK13,RK14,RK15,RK16,RK17,RK18,RK19,RK20,RK21,RK22,RK23,RK24,RK25,RK26,RK27,RK28,RK29,RK30,RK31,RK32,RK33,RK34,RK35,RK36,RK37,RK38,RK39,RK40,RK41,RK42,RK43,RK44,RK45,RK46,RK47,RK48,RK49,RK50,RK51,RK52,RK53,RK54,RK55,RK56,RK57,RK58,RK59,RK60,RK61,RK62,RK63,RK64,RK65,RK66,RK67,RK68,RK69,RK70,RK71,RK72
VH075030_PTVB827_3GJPBVH.VH075P_-_2024-05-30 15:39:37_2024-05-30 17:17:40_B3N049.1_11,VH075030_PTVB827_3GJPBVH.VH075P_-_2024-05-30 15:39:37_2024-05-30 17:17:40_B3N049.1_11_-6_-2,VH075030,B3N049.1,11,PTVB827,3GJPBVH.VH075P,-,2024-05-30 15:39:37,2024-05-30 17:17:40,EX1,-6,-2,-132687.723,-65880.0,0.0,-0.000289,0.0,-0.027314,0.0,0.008839,0.0,0.00036,0,0.00247,0.0,-0.000312,0.0,0.0,0,0.0,0,0.0,0.0,0,0,0.0,0,0.0,0,0.0,0,0,0,0,0,0.0,0,0.0,0,0.0,0,0,0,0,0,0,0,0,0,0.0,0,0.0,0,0,0,0,0,0,0,0,0,0,0,0,0,0,0,0,0,0,0,0,0,0,0,0
VH075030_PTVB827_3GJPBVH.VH075P_-_2024-05-30 15:39:37_2024-05-30 17:17:40_B3N049.1_11,VH075030_PTVB827_3GJPBVH.VH075P_-_2024-05-30 15:39:37_2024-05-30 17:17:40_B3N049.1_11_-6_-1,VH075030,B3N049.1,11,PTVB827,3GJPBVH.VH075P,-,2024-05-30 15:39:37,2024-05-30 17:17:40,EX1,-6,-1,-132687.723,-32940.0,0.0,1.6e-05,0.0,0.032705,0.0,-0.025835,0.0,-0.000451,0,-0.004255,0.0,-0.00084,0.0,-0.000416,0,0.000441,0,0.000345,0.0,0,0,0.028549,0,-0.036813,0,-0.060693,0,0,0,0,0,0.132689,0,-0.028201,0,0.008987,0,0,0,0,0,0,0,0,0,0.007834,0,-0.086295,0,0,0,0,0,0,0,0,0,0,0,0,0,0,0,0,0,0,0,0,0,0,0,0
VH075030_PTVB827_3GJPBVH.VH075P_-_2024-05-30 15:39:37_2024-05-30 17:17:40_B3N049.1_11,VH075030_PTVB827_3GJPBVH.VH075P_-_2024-05-30 15:39:37_2024-05-30 17:17:40_B3N049.1_11_-6_0,VH075030,B3N049.1,11,PTVB827,3GJPBVH.VH075P,-,2024-05-30 15:39:37,2024-05-30 17:17:40,EX1,-6,0,-132687.723,0.0,0.0,-0.000213,0.0,0.02049,0.0,0.005084,0.0,0.000117,0,0.00068,0.0,0.000926,0.0,-0.000433,0,1.5e-05,0,0.000228,0.0,0,0,-0.014831,0,0.056787,0,0.104401,0,0,0,0,0,0.120108,0,-0.021995,0,-0.127007,0,0,0,0,0,0,0,0,0,-0.014802,0,-0.027633,0,0,0,0,0,0,0,0,0,0,0,0,0,0,0,0,0,0,0,0,0,0,0,0
VH075030_PTVB827_3GJPBVH.VH075P_-_2024-05-30 15:39:37_2024-05-30 17:17:40_B3N049.1_11,VH075030_PTVB827_3GJPBVH.VH075P_-_2024-05-30 15:39:37_2024-05-30 17:17:40_B3N049.1_11_-6_1,VH075030,B3N049.1,11,PTVB827,3GJPBVH.VH075P,-,2024-05-30 15:39:37,2024-05-30 17:17:40,EX1,-6,1,-132687.723,32940.0,0.0,-7e-06,0.0,0.007251,0.0,0.027598,0.0,0.000189,0,-0.002731,0.0,0.001902,0.0,-0.00015,0,0.000186,0,0.000302,0.0,0,0,-0.028416,0,0.125571,0,-0.035071,0,0,0,0,0,0.035434,0,-0.081401,0,-0.053279,0,0,0,0,0,0,0,0,0,0.007574,0,0.005261,0,0,0,0,0,0,0,0,0,0,0,0,0,0,0,0,0,0,0,0,0,0,0,0
VH075030_PTVB827_3GJPBVH.VH075P_-_2024-05-30 15:39:37_2024-05-30 17:17:40_B3N049.1_11,VH075030_PTVB827_3GJPBVH.VH075P_-_2024-05-30 15:39:37_2024-05-30 17:17:40_B3N049.1_11_-6_2,VH075030,B3N049.1,11,PTVB827,3GJPBVH.VH075P,-,2024-05-30 15:39:37,2024-05-30 17:17:40,EX1,-6,2,-132687.723,65880.0,0.0,-7.8e-05,0.0,-0.027622,0.0,0.122101,0.0,-0.000266,0,0.000773,0.0,-0.006738,0.0,0.0,0,0.0,0,0.0,0.0,0,0,0.0,0,0.0,0,0.0,0,0,0,0,0,0.0,0,0.0,0,0.0,0,0,0,0,0,0,0,0,0,0.0,0,0.0,0,0,0,0,0,0,0,0,0,0,0,0,0,0,0,0,0,0,0,0,0,0,0,0
VH075030_PTVB827_3GJPBVH.VH075P_-_2024-05-30 15:39:37_2024-05-30 17:17:40_B3N049.1_11,VH075030_PTVB827_3GJPBVH.VH075P_-_2024-05-30 15:39:37_2024-05-30 17:17:40_B3N049.1_11_-5_-3,VH075030,B3N049.1,11,PTVB827,3GJPBVH.VH075P,-,2024-05-30 15:39:37,2024-05-30 17:17:40,EX1,-5,-3,-110104.043,-98820.0,0.0,-0.000165,0.0,0.067974,0.0,-0.032115,0.0,-0.003478,0,-0.000338,0.0,0.001916,0.0,0.0,0,0.0,0,0.0,0.0,0,0,0.0,0,0.0,0,0.0,0,0,0,0,0,0.0,0,0.0,0,0.0,0,0,0,0,0,0,0,0,0,0.0,0,0.0,0,0,0,0,0,0,0,0,0,0,0,0,0,0,0,0,0,0,0,0,0,0,0,0
VH075030_PTVB827_3GJPBVH.VH075P_-_2024-05-30 15:39:37_2024-05-30 17:17:40_B3N049.1_11,VH075030_PTVB827_3GJPBVH.VH075P_-_2024-05-30 15:39:37_2024-05-30 17:17:40_B3N049.1_11_-5_-2,VH075030,B3N049.1,11,PTVB827,3GJPBVH.VH075P,-,2024-05-30 15:39:37,2024-05-30 17:17:40,EX1,-5,-2,-110104.043,-65880.0,0.0,3.4e-05,0.0,-0.004684,0.0,-0.020544,0.0,0.001119,0,-0.001093,0.0,0.001189,0.0,-0.000164,0,0.000266,0,0.00022,0.0,0,0,0.001373,0,0.045511,0,-0.095891,0,0,0,0,0,0.078352,0,-0.122012,0,-0.102677,0,0,0,0,0,0,0,0,0,-0.001469,0,0.011706,0,0,0,0,0,0,0,0,0,0,0,0,0,0,0,0,0,0,0,0,0,0,0,0
VH075030_PTVB827_3GJPBVH.VH075P_-_2024-05-30 15:39:37_2024-05-30 17:17:40_B3N049.1_11,VH075030_PTVB827_3GJPBVH.VH075P_-_2024-05-30 15:39:37_2024-05-30 17:17:40_B3N049.1_11_-5_-1,VH075030,B3N049.1,11,PTVB827,3GJPBVH.VH075P,-,2024-05-30 15:39:37,2024-05-30 17:17:40,EX1,-5,-1,-110104.043,-32940.0,0.0,-0.000199,0.0,0.028553,0.0,-0.022396,0.0,0.001645,0,0.000365,0.0,-0.000242,0.0,-0.000354,0,0.000233,0,2e-05,0.0,0,0,-0.060559,0,0.065693,0,0.260732,0,0,0,0,0,0.136394,0,-0.069727,0,-0.110411,0,0,0,0,0,0,0,0,0,-0.036507,0,-0.100817,0,0,0,0,0,0,0,0,0,0,0,0,0,0,0,0,0,0,0,0,0,0,0,0
VH075030_PTVB827_3GJPBVH.VH075P_-_2024-05-30 15:39:37_2024-05-30 17:17:40_B3N049.1_11,VH075030_PTVB827_3GJPBVH.VH075P_-_2024-05-30 15:39:37_2024-05-30 17:17:40_B3N049.1_11_-5_0,VH075030,B3N049.1,11,PTVB827,3GJPBVH.VH075P,-,2024-05-30 15:39:37,2024-05-30 17:17:40,EX1,-5,0,-110104.043,0.0,0.0,5.4e-05,0.0,0.024979,0.0,-0.006814,0.0,0.001638,0,-0.000706,0.0,-0.000539,0.0,-0.000337,0,1.8e-05,0,0.000161,0.0,0,0,-0.01879,0,0.212192,0,0.092295,0,0,0,0,0,0.073615,0,-0.010938,0,-0.022113,0,0,0,0,0,0,0,0,0,-0.074208,0,-0.055233,0,0,0,0,0,0,0,0,0,0,0,0,0,0,0,0,0,0,0,0,0,0,0,0
VH075030_PTVB827_3GJPBVH.VH075P_-_2024-05-30 15:39:37_2024-05-30 17:17:40_B3N049.1_11,VH075030_PTVB827_3GJPBVH.VH075P_-_2024-05-30 15:39:37_2024-05-30 17:17:40_B3N049.1_11_-5_1,VH075030,B3N049.1,11,PTVB827,3GJPBVH.VH075P,-,2024-05-30 15:39:37,2024-05-30 17:17:40,EX1,-5,1,-110104.043,32940.0,0.0,-0.000214,0.0,0.017459,0.0,0.000906,0.0,0.001339,0,-0.000777,0.0,-2.5e-05,0.0,-0.000474,0,-9.5e-05,0,0.000296,0.0,0,0,-0.081634,0,0.06752,0,0.202697,0,0,0,0,0,0.16093,0,0.006061,0,-0.121706,0,0,0,0,0,0,0,0,0,-0.013843,0,-0.068934,0,0,0,0,0,0,0,0,0,0,0,0,0,0,0,0,0,0,0,0,0,0,0,0
VH075030_PTVB827_3GJPBVH.VH075P_-_2024-05-30 15:39:37_2024-05-30 17:17:40_B3N049.1_11,VH075030_PTVB827_3GJPBVH.VH075P_-_2024-05-30 15:39:37_2024-05-30 17:17:40_B3N049.1_11_-5_2,VH075030,B3N049.1,11,PTVB827,3GJPBVH.VH075P,-,2024-05-30 15:39:37,2024-05-30 17:17:40,EX1,-5,2,-110104.043,65880.0,0.0,-7e-06,0.0,-0.003041,0.0,0.00035,0.0,-0.001334,0,0.000975,0.0,-0.000999,0.0,-0.000446,0,0.000226,0,2e-05,0.0,0,0,0.016319,0,0.063142,0,0.248512,0,0,0,0,0,0.146128,0,-0.084854,0,0.012508,0,0,0,0,0,0,0,0,0,-0.04224,0,-0.08625,0,0,0,0,0,0,0,0,0,0,0,0,0,0,0,0,0,0,0,0,0,0,0,0
VH075030_PTVB827_3GJPBVH.VH075P_-_2024-05-30 15:39:37_2024-05-30 17:17:40_B3N049.1_11,VH075030_PTVB827_3GJPBVH.VH075P_-_2024-05-30 15:39:37_2024-05-30 17:17:40_B3N049.1_11_-5_3,VH075030,B3N049.1,11,PTVB827,3GJPBVH.VH075P,-,2024-05-30 15:39:37,2024-05-30 17:17:40,EX1,-5,3,-110104.043,98820.0,0.0,-0.000739,0.0,-0.048368,0.0,0.039578,0.0,-0.001157,0,-0.001886,0.0,-0.001802,0.0,0.0,0,0.0,0,0.0,0.0,0,0,0.0,0,0.0,0,0.0,0,0,0,0,0,0.0,0,0.0,0,0.0,0,0,0,0,0,0,0,0,0,0.0,0,0.0,0,0,0,0,0,0,0,0,0,0,0,0,0,0,0,0,0,0,0,0,0,0,0,0
VH075030_PTVB827_3GJPBVH.VH075P_-_2024-05-30 15:39:37_2024-05-30 17:17:40_B3N049.1_11,VH075030_PTVB827_3GJPBVH.VH075P_-_2024-05-30 15:39:37_2024-05-30 17:17:40_B3N049.1_11_-4_-3,VH075030,B3N049.1,11,PTVB827,3GJPBVH.VH075P,-,2024-05-30 15:39:37,2024-05-30 17:17:40,EX1,-4,-3,-87520.363,-98820.0,0.0,0.000201,0.0,0.010274,0.0,-0.017471,0.0,0.001251,0,-0.001582,0.0,0.000544,0.0,-0.000354,0,0.000135,0,5.6e-05,0.0,0,0,0.005617,0,0.137582,0,0.094326,0,0,0,0,0,0.112665,0,-0.105692,0,-0.124299,0,0,0,0,0,0,0,0,0,0.00257,0,-0.086225,0,0,0,0,0,0,0,0,0,0,0,0,0,0,0,0,0,0,0,0,0,0,0,0
VH075030_PTVB827_3GJPBVH.VH075P_-_2024-05-30 15:39:37_2024-05-30 17:17:40_B3N049.1_11,VH075030_PTVB827_3GJPBVH.VH075P_-_2024-05-30 15:39:37_2024-05-30 17:17:40_B3N049.1_11_-4_-2,VH075030,B3N049.1,11,PTVB827,3GJPBVH.VH075P,-,2024-05-30 15:39:37,2024-05-30 17:17:40,EX1,-4,-2,-87520.363,-65880.0,0.0,-0.000386,0.0,0.032599,0.0,-0.037405,0.0,0.003185,0,0.000842,0.0,-0.001038,0.0,-0.000646,0,0.000127,0,0.000108,0.0,0,0,-0.092247,0,0.049126,0,0.304715,0,0,0,0,0,0.173101,0,-0.027373,0,-0.005421,0,0,0,0,0,0,0,0,0,-0.03289,0,-0.10259,0,0,0,0,0,0,0,0,0,0,0,0,0,0,0,0,0,0,0,0,0,0,0,0
VH075030_PTVB827_3GJPBVH.VH075P_-_2024-05-30 15:39:37_2024-05-30 17:17:40_B3N049.1_11,VH075030_PTVB827_3GJPBVH.VH075P_-_2024-05-30 15:39:37_2024-05-30 17:17:40_B3N049.1_11_-4_-1,VH075030,B3N049.1,11,PTVB827,3GJPBVH.VH075P,-,2024-05-30 15:39:37,2024-05-30 17:17:40,EX1,-4,-1,-87520.363,-32940.0,0.0,7.8e-05,0.0,0.028898,0.0,0.01194,0.0,0.001001,0,-0.000766,0.0,-0.000367,0.0,-0.000443,0,-0.000103,0,0.000124,0.0,0,0,-0.035978,0,0.080788,0,0.23345,0,0,0,0,0,0.143142,0,0.017863,0,-0.070186,0,0,0,0,0,0,0,0,0,-0.005225,0,-0.072018,0,0,0,0,0,0,0,0,0,0,0,0,0,0,0,0,0,0,0,0,0,0,0,0
VH075030_PTVB827_3GJPBVH.VH075P_-_2024-05-30 15:39:37_2024-05-30 17:17:40_B3N049.1_11,VH075030_PTVB827_3GJPBVH.VH075P_-_2024-05-30 15:39:37_2024-05-30 17:17:40_B3N049.1_11_-4_0,VH075030,B3N049.1,11,PTVB827,3GJPBVH.VH075P,-,2024-05-30 15:39:37,2024-05-30 17:17:40,EX1,-4,0,-87520.363,0.0,0.0,-0.000224,0.0,0.02464,0.0,-0.011406,0.0,0.001016,0,-0.000578,0.0,0.001124,0.0,-0.000197,0,0.000229,0,2.2e-05,0.0,0,0,-0.062636,0,0.151562,0,0.206595,0,0,0,0,0,0.098755,0,-0.055399,0,-0.110467,0,0,0,0,0,0,0,0,0,-0.049755,0,-0.07319,0,0,0,0,0,0,0,0,0,0,0,0,0,0,0,0,0,0,0,0,0,0,0,0
VH075030_PTVB827_3GJPBVH.VH075P_-_2024-05-30 15:39:37_2024-05-30 17:17:40_B3N049.1_11,VH075030_PTVB827_3GJPBVH.VH075P_-_2024-05-30 15:39:37_2024-05-30 17:17:40_B3N049.1_11_-4_1,VH075030,B3N049.1,11,PTVB827,3GJPBVH.VH075P,-,2024-05-30 15:39:37,2024-05-30 17:17:40,EX1,-4,1,-87520.363,32940.0,0.0,0.000173,0.0,0.029807,0.0,0.004059,0.0,0.003178,0,8.9e-05,0.0,-0.001501,0.0,-0.000384,0,8.9e-05,0,0.0001,0.0,0,0,-0.116261,0,0.041915,0,0.226432,0,0,0,0,0,0.085306,0,-0.024637,0,-0.012207,0,0,0,0,0,0,0,0,0,-0.010823,0,-0.081633,0,0,0,0,0,0,0,0,0,0,0,0,0,0,0,0,0,0,0,0,0,0,0,0
VH075030_PTVB827_3GJPBVH.VH075P_-_2024-05-30 15:39:37_2024-05-30 17:17:40_B3N049.1_11,VH075030_PTVB827_3GJPBVH.VH075P_-_2024-05-30 15:39:37_2024-05-30 17:17:40_B3N049.1_11_-4_2,VH075030,B3N049.1,11,PTVB827,3GJPBVH.VH075P,-,2024-05-30 15:39:37,2024-05-30 17:17:40,EX1,-4,2,-87520.363,65880.0,0.0,0.000399,0.0,0.036115,0.0,-0.002176,0.0,0.000402,0,-0.001368,0.0,-0.002619,0.0,-0.000403,0,0.000183,0,6e-05,0.0,0,0,-0.069349,0,0.142055,0,0.22082,0,0,0,0,0,0.105723,0,-0.074216,0,-0.021637,0,0,0,0,0,0,0,0,0,-0.022628,0,-0.046995,0,0,0,0,0,0,0,0,0,0,0,0,0,0,0,0,0,0,0,0,0,0,0,0
VH075030_PTVB827_3GJPBVH.VH075P_-_2024-05-30 15:39:37_2024-05-30 17:17:40_B3N049.1_11,VH075030_PTVB827_3GJPBVH.VH075P_-_2024-05-30 15:39:37_2024-05-30 17:17:40_B3N049.1_11_-4_3,VH075030,B3N049.1,11,PTVB827,3GJPBVH.VH075P,-,2024-05-30 15:39:37,2024-05-30 17:17:40,EX1,-4,3,-87520.363,98820.0,0.0,-0.000102,0.0,-0.024173,0.0,0.043954,0.0,0.002521,0,-0.00122,0.0,-0.002718,0.0,-0.00025,0,-2.9e-05,0,-2.4e-05,0.0,0,0,-0.093677,0,0.167971,0,0.069733,0,0,0,0,0,0.104875,0,-0.037147,0,-0.078273,0,0,0,0,0,0,0,0,0,-0.0353,0,-0.017422,0,0,0,0,0,0,0,0,0,0,0,0,0,0,0,0,0,0,0,0,0,0,0,0
VH075030_PTVB827_3GJPBVH.VH075P_-_2024-05-30 15:39:37_2024-05-30 17:17:40_B3N049.1_11,VH075030_PTVB827_3GJPBVH.VH075P_-_2024-05-30 15:39:37_2024-05-30 17:17:40_B3N049.1_11_-3_-4,VH075030,B3N049.1,11,PTVB827,3GJPBVH.VH075P,-,2024-05-30 15:39:37,2024-05-30 17:17:40,EX1,-3,-4,-64936.683,-131760.0,0.0,0.00095,0.0,-0.0764,0.0,-0.056974,0.0,-0.002174,0,0.00303,0.0,0.00314,0.0,-9.9e-05,0,0.000269,0,-8.3e-05,0.0,0,0,0.027075,0,0.011529,0,0.01394,0,0,0,0,0,0.075312,0,-0.02511,0,-0.04197,0,0,0,0,0,0,0,0,0,-0.023918,0,0.010942,0,0,0,0,0,0,0,0,0,0,0,0,0,0,0,0,0,0,0,0,0,0,0,0
VH075030_PTVB827_3GJPBVH.VH075P_-_2024-05-30 15:39:37_2024-05-30 17:17:40_B3N049.1_11,VH075030_PTVB827_3GJPBVH.VH075P_-_2024-05-30 15:39:37_2024-05-30 17:17:40_B3N049.1_11_-3_-3,VH075030,B3N049.1,11,PTVB827,3GJPBVH.VH075P,-,2024-05-30 15:39:37,2024-05-30 17:17:40,EX1,-3,-3,-64936.683,-98820.0,0.0,-0.00028,0.0,0.012229,0.0,-0.023456,0.0,0.00212,0,2.6e-05,0.0,-0.000378,0.0,-0.000343,0,0.000101,0,0.00016,0.0,0,0,-0.109742,0,0.087309,0,0.2014,0,0,0,0,0,0.108519,0,-0.030836,0,-0.086718,0,0,0,0,0,0,0,0,0,-0.026881,0,-0.046716,0,0,0,0,0,0,0,0,0,0,0,0,0,0,0,0,0,0,0,0,0,0,0,0
VH075030_PTVB827_3GJPBVH.VH075P_-_2024-05-30 15:39:37_2024-05-30 17:17:40_B3N049.1_11,VH075030_PTVB827_3GJPBVH.VH075P_-_2024-05-30 15:39:37_2024-05-30 17:17:40_B3N049.1_11_-3_-2,VH075030,B3N049.1,11,PTVB827,3GJPBVH.VH075P,-,2024-05-30 15:39:37,2024-05-30 17:17:40,EX1,-3,-2,-64936.683,-65880.0,0.0,5e-06,0.0,0.020827,0.0,0.013077,0.0,0.003957,0,-0.000258,0.0,-0.001916,0.0,-0.000192,0,-6.2e-05,0,-5e-06,0.0,0,0,-0.179166,0,0.043946,0,0.245088,0,0,0,0,0,0.049997,0,-0.011714,0,-0.008302,0,0,0,0,0,0,0,0,0,-0.007674,0,-0.04153,0,0,0,0,0,0,0,0,0,0,0,0,0,0,0,0,0,0,0,0,0,0,0,0
VH075030_PTVB827_3GJPBVH.VH075P_-_2024-05-30 15:39:37_2024-05-30 17:17:40_B3N049.1_11,VH075030_PTVB827_3GJPBVH.VH075P_-_2024-05-30 15:39:37_2024-05-30 17:17:40_B3N049.1_11_-3_-1,VH075030,B3N049.1,11,PTVB827,3GJPBVH.VH075P,-,2024-05-30 15:39:37,2024-05-30 17:17:40,EX1,-3,-1,-64936.683,-32940.0,0.0,-7.7e-05,0.0,0.037409,0.0,-0.001653,0.0,0.001863,0,-0.001729,0.0,-0.002822,0.0,-0.000689,0,-0.000113,0,0.0,0.0,0,0,-0.102125,0,0.2697,0,0.479457,0,0,0,0,0,0.213881,0,0.022238,0,0.022291,0,0,0,0,0,0,0,0,0,-0.088482,0,-0.147333,0,0,0,0,0,0,0,0,0,0,0,0,0,0,0,0,0,0,0,0,0,0,0,0
VH075030_PTVB827_3GJPBVH.VH075P_-_2024-05-30 15:39:37_2024-05-30 17:17:40_B3N049.1_11,VH075030_PTVB827_3GJPBVH.VH075P_-_2024-05-30 15:39:37_2024-05-30 17:17:40_B3N049.1_11_-3_0,VH075030,B3N049.1,11,PTVB827,3GJPBVH.VH075P,-,2024-05-30 15:39:37,2024-05-30 17:17:40,EX1,-3,0,-64936.683,0.0,0.0,0.0003,0.0,0.018862,0.0,-0.006243,0.0,0.001219,0,-0.001453,0.0,-0.001106,0.0,-0.000183,0,7.7e-05,0,0.000197,0.0,0,0,-0.06754,0,0.109752,0,0.105252,0,0,0,0,0,0.060403,0,-0.042311,0,-0.066958,0,0,0,0,0,0,0,0,0,-0.012914,0,-0.047993,0,0,0,0,0,0,0,0,0,0,0,0,0,0,0,0,0,0,0,0,0,0,0,0
VH075030_PTVB827_3GJPBVH.VH075P_-_2024-05-30 15:39:37_2024-05-30 17:17:40_B3N049.1_11,VH075030_PTVB827_3GJPBVH.VH075P_-_2024-05-30 15:39:37_2024-05-30 17:17:40_B3N049.1_11_-3_1,VH075030,B3N049.1,11,PTVB827,3GJPBVH.VH075P,-,2024-05-30 15:39:37,2024-05-30 17:17:40,EX1,-3,1,-64936.683,32940.0,0.0,8.4e-05,0.0,0.025502,0.0,0.008281,0.0,0.001782,0,-0.000499,0.0,-0.002707,0.0,-0.000616,0,-6.4e-05,0,9.5e-05,0.0,0,0,-0.098132,0,0.150568,0,0.280488,0,0,0,0,0,0.195412,0,-0.006487,0,-0.052196,0,0,0,0,0,0,0,0,0,-0.059684,0,-0.068008,0,0,0,0,0,0,0,0,0,0,0,0,0,0,0,0,0,0,0,0,0,0,0,0
VH075030_PTVB827_3GJPBVH.VH075P_-_2024-05-30 15:39:37_2024-05-30 17:17:40_B3N049.1_11,VH075030_PTVB827_3GJPBVH.VH075P_-_2024-05-30 15:39:37_2024-05-30 17:17:40_B3N049.1_11_-3_2,VH075030,B3N049.1,11,PTVB827,3GJPBVH.VH075P,-,2024-05-30 15:39:37,2024-05-30 17:17:40,EX1,-3,2,-64936.683,65880.0,0.0,-1.1e-05,0.0,0.035738,0.0,0.000576,0.0,0.002129,0,-0.00179,0.0,-0.001955,0.0,-0.000611,0,4.3e-05,0,-5.3e-05,0.0,0,0,-0.090349,0,0.167641,0,0.278267,0,0,0,0,0,0.188857,0,-0.032561,0,0.017057,0,0,0,0,0,0,0,0,0,-0.055367,0,-0.086491,0,0,0,0,0,0,0,0,0,0,0,0,0,0,0,0,0,0,0,0,0,0,0,0
VH075030_PTVB827_3GJPBVH.VH075P_-_2024-05-30 15:39:37_2024-05-30 17:17:40_B3N049.1_11,VH075030_PTVB827_3GJPBVH.VH075P_-_2024-05-30 15:39:37_2024-05-30 17:17:40_B3N049.1_11_-3_3,VH075030,B3N049.1,11,PTVB827,3GJPBVH.VH075P,-,2024-05-30 15:39:37,2024-05-30 17:17:40,EX1,-3,3,-64936.683,98820.0,0.0,-0.000197,0.0,0.016262,0.0,-0.005228,0.0,0.002105,0,3.6e-05,0.0,-0.000121,0.0,-0.000394,0,5.7e-05,0,7.4e-05,0.0,0,0,-0.089912,0,-0.031028,0,0.263141,0,0,0,0,0,0.1123,0,-0.001111,0,-0.051077,0,0,0,0,0,0,0,0,0,0.016589,0,-0.112338,0,0,0,0,0,0,0,0,0,0,0,0,0,0,0,0,0,0,0,0,0,0,0,0
VH075030_PTVB827_3GJPBVH.VH075P_-_2024-05-30 15:39:37_2024-05-30 17:17:40_B3N049.1_11,VH075030_PTVB827_3GJPBVH.VH075P_-_2024-05-30 15:39:37_2024-05-30 17:17:40_B3N049.1_11_-3_4,VH075030,B3N049.1,11,PTVB827,3GJPBVH.VH075P,-,2024-05-30 15:39:37,2024-05-30 17:17:40,EX1,-3,4,-64936.683,131760.0,0.0,-0.000609,0.0,-0.080874,0.0,0.031318,0.0,0.0026,0,-0.002427,0.0,-0.002697,0.0,-0.000111,0,-0.000218,0,-0.000512,0.0,0,0,-0.035478,0,0.079,0,-0.007558,0,0,0,0,0,0.111716,0,-0.000826,0,0.058931,0,0,0,0,0,0,0,0,0,-0.02815,0,-0.075863,0,0,0,0,0,0,0,0,0,0,0,0,0,0,0,0,0,0,0,0,0,0,0,0
VH075030_PTVB827_3GJPBVH.VH075P_-_2024-05-30 15:39:37_2024-05-30 17:17:40_B3N049.1_11,VH075030_PTVB827_3GJPBVH.VH075P_-_2024-05-30 15:39:37_2024-05-30 17:17:40_B3N049.1_11_-2_-4,VH075030,B3N049.1,11,PTVB827,3GJPBVH.VH075P,-,2024-05-30 15:39:37,2024-05-30 17:17:40,EX1,-2,-4,-42353.003,-131760.0,0.0,0.00063,0.0,-0.029308,0.0,-0.01828,0.0,0.002929,0,-0.002529,0.0,-0.001658,0.0,-0.000204,0,0.000236,0,9.9e-05,0.0,0,0,0.043869,0,-0.037513,0,0.031172,0,0,0,0,0,-0.001432,0,0.010078,0,-0.093783,0,0,0,0,0,0,0,0,0,-0.01665,0,-0.011105,0,0,0,0,0,0,0,0,0,0,0,0,0,0,0,0,0,0,0,0,0,0,0,0
VH075030_PTVB827_3GJPBVH.VH075P_-_2024-05-30 15:39:37_2024-05-30 17:17:40_B3N049.1_11,VH075030_PTVB827_3GJPBVH.VH075P_-_2024-05-30 15:39:37_2024-05-30 17:17:40_B3N049.1_11_-2_-3,VH075030,B3N049.1,11,PTVB827,3GJPBVH.VH075P,-,2024-05-30 15:39:37,2024-05-30 17:17:40,EX1,-2,-3,-42353.003,-98820.0,0.0,3e-06,0.0,0.029919,0.0,0.002258,0.0,0.002069,0,-0.000342,0.0,-0.000472,0.0,-0.00057,0,-6.9e-05,0,0.000305,0.0,0,0,-0.040641,0,0.166344,0,0.155768,0,0,0,0,0,0.14728,0,0.019826,0,-0.081649,0,0,0,0,0,0,0,0,0,-0.052387,0,-0.051496,0,0,0,0,0,0,0,0,0,0,0,0,0,0,0,0,0,0,0,0,0,0,0,0
VH075030_PTVB827_3GJPBVH.VH075P_-_2024-05-30 15:39:37_2024-05-30 17:17:40_B3N049.1_11,VH075030_PTVB827_3GJPBVH.VH075P_-_2024-05-30 15:39:37_2024-05-30 17:17:40_B3N049.1_11_-2_-2,VH075030,B3N049.1,11,PTVB827,3GJPBVH.VH075P,-,2024-05-30 15:39:37,2024-05-30 17:17:40,EX1,-2,-2,-42353.003,-65880.0,0.0,-0.000219,0.0,0.044859,0.0,-0.011175,0.0,0.001378,0,0.000744,0.0,0.000143,0.0,-0.000472,0,7.1e-05,0,-3e-05,0.0,0,0,-0.06639,0,0.075008,0,0.142672,0,0,0,0,0,0.165163,0,-0.001481,0,-0.100972,0,0,0,0,0,0,0,0,0,-0.038778,0,-0.047253,0,0,0,0,0,0,0,0,0,0,0,0,0,0,0,0,0,0,0,0,0,0,0,0
VH075030_PTVB827_3GJPBVH.VH075P_-_2024-05-30 15:39:37_2024-05-30 17:17:40_B3N049.1_11,VH075030_PTVB827_3GJPBVH.VH075P_-_2024-05-30 15:39:37_2024-05-30 17:17:40_B3N049.1_11_-2_-1,VH075030,B3N049.1,11,PTVB827,3GJPBVH.VH075P,-,2024-05-30 15:39:37,2024-05-30 17:17:40,EX1,-2,-1,-42353.003,-32940.0,0.0,-6.5e-05,0.0,0.032555,0.0,0.006728,0.0,0.002173,0,-0.001571,0.0,0.000162,0.0,-0.000386,0,-6.4e-05,0,0.000125,0.0,0,0,-0.060639,0,0.194395,0,0.240855,0,0,0,0,0,0.152146,0,0.027101,0,-0.170774,0,0,0,0,0,0,0,0,0,-0.030097,0,-0.095008,0,0,0,0,0,0,0,0,0,0,0,0,0,0,0,0,0,0,0,0,0,0,0,0
VH075030_PTVB827_3GJPBVH.VH075P_-_2024-05-30 15:39:37_2024-05-30 17:17:40_B3N049.1_11,VH075030_PTVB827_3GJPBVH.VH075P_-_2024-05-30 15:39:37_2024-05-30 17:17:40_B3N049.1_11_-2_0,VH075030,B3N049.1,11,PTVB827,3GJPBVH.VH075P,-,2024-05-30 15:39:37,2024-05-30 17:17:40,EX1,-2,0,-42353.003,0.0,0.0,-0.000321,0.0,0.021877,0.0,-0.029054,0.0,0.002211,0,6.2e-05,0.0,-0.000865,0.0,-0.000308,0,0.000184,0,0.000198,0.0,0,0,-0.046766,0,0.204693,0,0.261558,0,0,0,0,0,0.094592,0,-0.009788,0,-0.030648,0,0,0,0,0,0,0,0,0,-0.097868,0,-0.100971,0,0,0,0,0,0,0,0,0,0,0,0,0,0,0,0,0,0,0,0,0,0,0,0
VH075030_PTVB827_3GJPBVH.VH075P_-_2024-05-30 15:39:37_2024-05-30 17:17:40_B3N049.1_11,VH075030_PTVB827_3GJPBVH.VH075P_-_2024-05-30 15:39:37_2024-05-30 17:17:40_B3N049.1_11_-2_1,VH075030,B3N049.1,11,PTVB827,3GJPBVH.VH075P,-,2024-05-30 15:39:37,2024-05-30 17:17:40,EX1,-2,1,-42353.003,32940.0,0.0,2.4e-05,0.0,0.025783,0.0,0.014162,0.0,0.002791,0,-0.000859,0.0,-0.000439,0.0,-0.000201,0,-4.6e-05,0,9.4e-05,0.0,0,0,-0.086376,0,0.13641,0,0.208359,0,0,0,0,0,0.098386,0,0.020041,0,-0.143661,0,0,0,0,0,0,0,0,0,-0.030811,0,-0.071236,0,0,0,0,0,0,0,0,0,0,0,0,0,0,0,0,0,0,0,0,0,0,0,0
VH075030_PTVB827_3GJPBVH.VH075P_-_2024-05-30 15:39:37_2024-05-30 17:17:40_B3N049.1_11,VH075030_PTVB827_3GJPBVH.VH075P_-_2024-05-30 15:39:37_2024-05-30 17:17:40_B3N049.1_11_-2_2,VH075030,B3N049.1,11,PTVB827,3GJPBVH.VH075P,-,2024-05-30 15:39:37,2024-05-30 17:17:40,EX1,-2,2,-42353.003,65880.0,0.0,0.000114,0.0,0.005064,0.0,0.001294,0.0,0.0018,0,-0.001925,0.0,0.000306,0.0,-0.000213,0,0.000123,0,0.000115,0.0,0,0,-0.096055,0,0.121032,0,0.119839,0,0,0,0,0,0.126594,0,-0.022822,0,-0.152439,0,0,0,0,0,0,0,0,0,-0.004982,0,-0.053726,0,0,0,0,0,0,0,0,0,0,0,0,0,0,0,0,0,0,0,0,0,0,0,0
VH075030_PTVB827_3GJPBVH.VH075P_-_2024-05-30 15:39:37_2024-05-30 17:17:40_B3N049.1_11,VH075030_PTVB827_3GJPBVH.VH075P_-_2024-05-30 15:39:37_2024-05-30 17:17:40_B3N049.1_11_-2_3,VH075030,B3N049.1,11,PTVB827,3GJPBVH.VH075P,-,2024-05-30 15:39:37,2024-05-30 17:17:40,EX1,-2,3,-42353.003,98820.0,0.0,-2e-05,0.0,0.02416,0.0,0.006708,0.0,0.003088,0,-0.000346,0.0,-0.000121,0.0,-0.000474,0,-6e-06,0,1.2e-05,0.0,0,0,-0.066182,0,0.184123,0,0.27444,0,0,0,0,0,0.108979,0,-0.000457,0,0.032098,0,0,0,0,0,0,0,0,0,-0.07335,0,-0.116206,0,0,0,0,0,0,0,0,0,0,0,0,0,0,0,0,0,0,0,0,0,0,0,0
VH075030_PTVB827_3GJPBVH.VH075P_-_2024-05-30 15:39:37_2024-05-30 17:17:40_B3N049.1_11,VH075030_PTVB827_3GJPBVH.VH075P_-_2024-05-30 15:39:37_2024-05-30 17:17:40_B3N049.1_11_-2_4,VH075030,B3N049.1,11,PTVB827,3GJPBVH.VH075P,-,2024-05-30 15:39:37,2024-05-30 17:17:40,EX1,-2,4,-42353.003,131760.0,0.0,-0.00053,0.0,-0.074978,0.0,0.032194,0.0,-0.002069,0,0.001999,0.0,-0.002512,0.0,-0.00021,0,-9.5e-05,0,-0.000206,0.0,0,0,-0.034171,0,0.075728,0,0.092733,0,0,0,0,0,0.050467,0,-0.019292,0,0.037318,0,0,0,0,0,0,0,0,0,-0.064943,0,-0.041303,0,0,0,0,0,0,0,0,0,0,0,0,0,0,0,0,0,0,0,0,0,0,0,0
VH075030_PTVB827_3GJPBVH.VH075P_-_2024-05-30 15:39:37_2024-05-30 17:17:40_B3N049.1_11,VH075030_PTVB827_3GJPBVH.VH075P_-_2024-05-30 15:39:37_2024-05-30 17:17:40_B3N049.1_11_-1_-4,VH075030,B3N049.1,11,PTVB827,3GJPBVH.VH075P,-,2024-05-30 15:39:37,2024-05-30 17:17:40,EX1,-1,-4,-19769.323,-131760.0,0.0,-0.00029,0.0,-0.009989,0.0,-0.056317,0.0,-5.3e-05,0,0.000598,0.0,0.00073,0.0,-0.000307,0,-6.2e-05,0,0.000272,0.0,0,0,0.212743,0,0.00867,0,0.207004,0,0,0,0,0,-0.011949,0,0.061446,0,-0.236972,0,0,0,0,0,0,0,0,0,-0.018703,0,-0.000928,0,0,0,0,0,0,0,0,0,0,0,0,0,0,0,0,0,0,0,0,0,0,0,0
VH075030_PTVB827_3GJPBVH.VH075P_-_2024-05-30 15:39:37_2024-05-30 17:17:40_B3N049.1_11,VH075030_PTVB827_3GJPBVH.VH075P_-_2024-05-30 15:39:37_2024-05-30 17:17:40_B3N049.1_11_-1_-3,VH075030,B3N049.1,11,PTVB827,3GJPBVH.VH075P,-,2024-05-30 15:39:37,2024-05-30 17:17:40,EX1,-1,-3,-19769.323,-98820.0,0.0,-0.000424,0.0,0.018192,0.0,-0.027642,0.0,0.003737,0,0.000727,0.0,0.001063,0.0,-0.000244,0,0.000182,0,-5.4e-05,0.0,0,0,-0.131664,0,0.145024,0,0.036963,0,0,0,0,0,0.111306,0,-0.050406,0,-0.06001,0,0,0,0,0,0,0,0,0,-0.064945,0,-0.022861,0,0,0,0,0,0,0,0,0,0,0,0,0,0,0,0,0,0,0,0,0,0,0,0
VH075030_PTVB827_3GJPBVH.VH075P_-_2024-05-30 15:39:37_2024-05-30 17:17:40_B3N049.1_11,VH075030_PTVB827_3GJPBVH.VH075P_-_2024-05-30 15:39:37_2024-05-30 17:17:40_B3N049.1_11_-1_-2,VH075030,B3N049.1,11,PTVB827,3GJPBVH.VH075P,-,2024-05-30 15:39:37,2024-05-30 17:17:40,EX1,-1,-2,-19769.323,-65880.0,0.0,6.4e-05,0.0,0.024543,0.0,0.00449,0.0,0.002613,0,-0.002018,0.0,-6.4e-05,0.0,-0.000397,0,-7.7e-05,0,0.000146,0.0,0,0,-0.071128,0,0.288267,0,0.018489,0,0,0,0,0,0.095868,0,0.033798,0,-0.010288,0,0,0,0,0,0,0,0,0,-0.08118,0,-0.015296,0,0,0,0,0,0,0,0,0,0,0,0,0,0,0,0,0,0,0,0,0,0,0,0
VH075030_PTVB827_3GJPBVH.VH075P_-_2024-05-30 15:39:37_2024-05-30 17:17:40_B3N049.1_11,VH075030_PTVB827_3GJPBVH.VH075P_-_2024-05-30 15:39:37_2024-05-30 17:17:40_B3N049.1_11_-1_-1,VH075030,B3N049.1,11,PTVB827,3GJPBVH.VH075P,-,2024-05-30 15:39:37,2024-05-30 17:17:40,EX1,-1,-1,-19769.323,-32940.0,0.0,-0.000191,0.0,0.02751,0.0,-0.006116,0.0,0.00042,0,-0.002597,0.0,-0.000462,0.0,-0.000496,0,1.5e-05,0,0.000244,0.0,0,0,0.001347,0,0.333245,0,0.278086,0,0,0,0,0,0.171953,0,-0.006177,0,-0.092827,0,0,0,0,0,0,0,0,0,-0.093304,0,-0.138492,0,0,0,0,0,0,0,0,0,0,0,0,0,0,0,0,0,0,0,0,0,0,0,0
VH075030_PTVB827_3GJPBVH.VH075P_-_2024-05-30 15:39:37_2024-05-30 17:17:40_B3N049.1_11,VH075030_PTVB827_3GJPBVH.VH075P_-_2024-05-30 15:39:37_2024-05-30 17:17:40_B3N049.1_11_-1_0,VH075030,B3N049.1,11,PTVB827,3GJPBVH.VH075P,-,2024-05-30 15:39:37,2024-05-30 17:17:40,EX1,-1,0,-19769.323,0.0,0.0,8e-06,0.0,0.026172,0.0,0.01787,0.0,0.002888,0,7.4e-05,0.0,-0.002403,0.0,-0.000221,0,-5.8e-05,0,-1.1e-05,0.0,0,0,-0.12108,0,0.053827,0,0.301151,0,0,0,0,0,0.071001,0,-0.00946,0,-0.01705,0,0,0,0,0,0,0,0,0,-0.015472,0,-0.088433,0,0,0,0,0,0,0,0,0,0,0,0,0,0,0,0,0,0,0,0,0,0,0,0
VH075030_PTVB827_3GJPBVH.VH075P_-_2024-05-30 15:39:37_2024-05-30 17:17:40_B3N049.1_11,VH075030_PTVB827_3GJPBVH.VH075P_-_2024-05-30 15:39:37_2024-05-30 17:17:40_B3N049.1_11_-1_1,VH075030,B3N049.1,11,PTVB827,3GJPBVH.VH075P,-,2024-05-30 15:39:37,2024-05-30 17:17:40,EX1,-1,1,-19769.323,32940.0,0.0,-0.000354,0.0,0.049718,0.0,-0.022093,0.0,0.001316,0,-0.000421,0.0,-0.000439,0.0,-0.000513,0,5.3e-05,0,0.000118,0.0,0,0,-0.002456,0,0.233129,0,0.159368,0,0,0,0,0,0.11721,0,0.010521,0,-0.019664,0,0,0,0,0,0,0,0,0,-0.097687,0,-0.088537,0,0,0,0,0,0,0,0,0,0,0,0,0,0,0,0,0,0,0,0,0,0,0,0
VH075030_PTVB827_3GJPBVH.VH075P_-_2024-05-30 15:39:37_2024-05-30 17:17:40_B3N049.1_11,VH075030_PTVB827_3GJPBVH.VH075P_-_2024-05-30 15:39:37_2024-05-30 17:17:40_B3N049.1_11_-1_2,VH075030,B3N049.1,11,PTVB827,3GJPBVH.VH075P,-,2024-05-30 15:39:37,2024-05-30 17:17:40,EX1,-1,2,-19769.323,65880.0,0.0,-0.000401,0.0,0.037784,0.0,-0.014551,0.0,0.003233,0,-0.001769,0.0,0.000114,0.0,-0.000509,0,0.000295,0,8.2e-05,0.0,0,0,-0.126232,0,0.236763,0,0.1849,0,0,0,0,0,0.135117,0,-0.114524,0,-0.002612,0,0,0,0,0,0,0,0,0,-0.064757,0,-0.055532,0,0,0,0,0,0,0,0,0,0,0,0,0,0,0,0,0,0,0,0,0,0,0,0
VH075030_PTVB827_3GJPBVH.VH075P_-_2024-05-30 15:39:37_2024-05-30 17:17:40_B3N049.1_11,VH075030_PTVB827_3GJPBVH.VH075P_-_2024-05-30 15:39:37_2024-05-30 17:17:40_B3N049.1_11_-1_3,VH075030,B3N049.1,11,PTVB827,3GJPBVH.VH075P,-,2024-05-30 15:39:37,2024-05-30 17:17:40,EX1,-1,3,-19769.323,98820.0,0.0,-1.1e-05,0.0,-0.00558,0.0,-0.00938,0.0,0.000953,0,0.000685,0.0,-0.002831,0.0,-0.000388,0,0.000129,0,0.000104,0.0,0,0,-0.059232,0,0.040939,0,0.307477,0,0,0,0,0,0.144064,0,-0.05596,0,-0.051323,0,0,0,0,0,0,0,0,0,-0.031175,0,-0.100221,0,0,0,0,0,0,0,0,0,0,0,0,0,0,0,0,0,0,0,0,0,0,0,0
VH075030_PTVB827_3GJPBVH.VH075P_-_2024-05-30 15:39:37_2024-05-30 17:17:40_B3N049.1_11,VH075030_PTVB827_3GJPBVH.VH075P_-_2024-05-30 15:39:37_2024-05-30 17:17:40_B3N049.1_11_-1_4,VH075030,B3N049.1,11,PTVB827,3GJPBVH.VH075P,-,2024-05-30 15:39:37,2024-05-30 17:17:40,EX1,-1,4,-19769.323,131760.0,0.0,-0.000156,0.0,0.005132,0.0,-0.003369,0.0,0.000846,0,-0.000402,0.0,-0.000991,0.0,-0.000634,0,0.000197,0,0.00013,0.0,0,0,-0.13364,0,0.109059,0,0.417283,0,0,0,0,0,0.099658,0,0.010571,0,0.127334,0,0,0,0,0,0,0,0,0,-0.001336,0,-0.078686,0,0,0,0,0,0,0,0,0,0,0,0,0,0,0,0,0,0,0,0,0,0,0,0
VH075030_PTVB827_3GJPBVH.VH075P_-_2024-05-30 15:39:37_2024-05-30 17:17:40_B3N049.1_11,VH075030_PTVB827_3GJPBVH.VH075P_-_2024-05-30 15:39:37_2024-05-30 17:17:40_B3N049.1_11_0_-4,VH075030,B3N049.1,11,PTVB827,3GJPBVH.VH075P,-,2024-05-30 15:39:37,2024-05-30 17:17:40,EX1,0,-4,2814.357,-131760.0,0.0,-0.000342,0.0,-0.038951,0.0,-0.009999,0.0,0.005208,0,-0.00248,0.0,0.000501,0.0,-0.000203,0,0.000263,0,0.000231,0.0,0,0,0.03424,0,-0.080883,0,0.015273,0,0,0,0,0,0.042717,0,0.006166,0,-0.081103,0,0,0,0,0,0,0,0,0,0.007591,0,-0.098849,0,0,0,0,0,0,0,0,0,0,0,0,0,0,0,0,0,0,0,0,0,0,0,0
VH075030_PTVB827_3GJPBVH.VH075P_-_2024-05-30 15:39:37_2024-05-30 17:17:40_B3N049.1_11,VH075030_PTVB827_3GJPBVH.VH075P_-_2024-05-30 15:39:37_2024-05-30 17:17:40_B3N049.1_11_0_-3,VH075030,B3N049.1,11,PTVB827,3GJPBVH.VH075P,-,2024-05-30 15:39:37,2024-05-30 17:17:40,EX1,0,-3,2814.357,-98820.0,0.0,-1.7e-05,0.0,0.027639,0.0,0.009931,0.0,0.00321,0,-0.001603,0.0,-0.001006,0.0,-0.000345,0,-1.9e-05,0,0.000131,0.0,0,0,-0.112145,0,0.167249,0,0.13555,0,0,0,0,0,0.099396,0,-0.011851,0,-0.041762,0,0,0,0,0,0,0,0,0,-0.029127,0,-0.052131,0,0,0,0,0,0,0,0,0,0,0,0,0,0,0,0,0,0,0,0,0,0,0,0
VH075030_PTVB827_3GJPBVH.VH075P_-_2024-05-30 15:39:37_2024-05-30 17:17:40_B3N049.1_11,VH075030_PTVB827_3GJPBVH.VH075P_-_2024-05-30 15:39:37_2024-05-30 17:17:40_B3N049.1_11_0_-2,VH075030,B3N049.1,11,PTVB827,3GJPBVH.VH075P,-,2024-05-30 15:39:37,2024-05-30 17:17:40,EX1,0,-2,2814.357,-65880.0,0.0,4.6e-05,0.0,0.01669,0.0,0.004097,0.0,0.000495,0,-1.4e-05,0.0,-0.001429,0.0,-0.000326,0,-4e-06,0,8.1e-05,0.0,0,0,-0.063715,0,0.095119,0,0.212015,0,0,0,0,0,0.105957,0,-0.018248,0,-0.009418,0,0,0,0,0,0,0,0,0,-0.043209,0,-0.049656,0,0,0,0,0,0,0,0,0,0,0,0,0,0,0,0,0,0,0,0,0,0,0,0
VH075030_PTVB827_3GJPBVH.VH075P_-_2024-05-30 15:39:37_2024-05-30 17:17:40_B3N049.1_11,VH075030_PTVB827_3GJPBVH.VH075P_-_2024-05-30 15:39:37_2024-05-30 17:17:40_B3N049.1_11_0_-1,VH075030,B3N049.1,11,PTVB827,3GJPBVH.VH075P,-,2024-05-30 15:39:37,2024-05-30 17:17:40,EX1,0,-1,2814.357,-32940.0,0.0,3.3e-05,0.0,0.032247,0.0,0.003551,0.0,0.002443,0,-0.0021,0.0,-0.00032,0.0,-0.000472,0,-1.5e-05,0,0.000265,0.0,0,0,-0.051006,0,0.180689,0,0.057658,0,0,0,0,0,0.120211,0,0.030769,0,-0.080818,0,0,0,0,0,0,0,0,0,-0.041708,0,-0.042056,0,0,0,0,0,0,0,0,0,0,0,0,0,0,0,0,0,0,0,0,0,0,0,0
VH075030_PTVB827_3GJPBVH.VH075P_-_2024-05-30 15:39:37_2024-05-30 17:17:40_B3N049.1_11,VH075030_PTVB827_3GJPBVH.VH075P_-_2024-05-30 15:39:37_2024-05-30 17:17:40_B3N049.1_11_0_0,VH075030,B3N049.1,11,PTVB827,3GJPBVH.VH075P,-,2024-05-30 15:39:37,2024-05-30 17:17:40,EX1,0,0,2814.357,0.0,0.0,-0.000265,0.0,0.015989,0.0,-0.002371,0.0,0.001026,0,-0.001622,0.0,-0.001511,0.0,-0.000193,0,1e-06,0,0.000317,0.0,0,0,-0.038049,0,0.153553,0,0.226806,0,0,0,0,0,0.078711,0,0.017267,0,-0.10994,0,0,0,0,0,0,0,0,0,-0.039331,0,-0.070406,0,0,0,0,0,0,0,0,0,0,0,0,0,0,0,0,0,0,0,0,0,0,0,0
VH075030_PTVB827_3GJPBVH.VH075P_-_2024-05-30 15:39:37_2024-05-30 17:17:40_B3N049.1_11,VH075030_PTVB827_3GJPBVH.VH075P_-_2024-05-30 15:39:37_2024-05-30 17:17:40_B3N049.1_11_0_1,VH075030,B3N049.1,11,PTVB827,3GJPBVH.VH075P,-,2024-05-30 15:39:37,2024-05-30 17:17:40,EX1,0,1,2814.357,32940.0,0.0,0.000213,0.0,0.02595,0.0,0.02361,0.0,0.001199,0,-0.001861,0.0,-0.002825,0.0,-0.000261,0,-0.000166,0,-8.1e-05,0.0,0,0,-0.06512,0,0.152691,0,0.3904,0,0,0,0,0,0.061972,0,0.023269,0,0.050571,0,0,0,0,0,0,0,0,0,-0.023633,0,-0.112187,0,0,0,0,0,0,0,0,0,0,0,0,0,0,0,0,0,0,0,0,0,0,0,0
VH075030_PTVB827_3GJPBVH.VH075P_-_2024-05-30 15:39:37_2024-05-30 17:17:40_B3N049.1_11,VH075030_PTVB827_3GJPBVH.VH075P_-_2024-05-30 15:39:37_2024-05-30 17:17:40_B3N049.1_11_0_2,VH075030,B3N049.1,11,PTVB827,3GJPBVH.VH075P,-,2024-05-30 15:39:37,2024-05-30 17:17:40,EX1,0,2,2814.357,65880.0,0.0,-0.000126,0.0,0.023698,0.0,0.016051,0.0,0.003635,0,-0.001656,0.0,2.2e-05,0.0,-0.000369,0,4.4e-05,0,9.7e-05,0.0,0,0,-0.088392,0,0.130346,0,0.111205,0,0,0,0,0,0.087184,0,-0.015735,0,-0.005435,0,0,0,0,0,0,0,0,0,-0.025297,0,-0.071419,0,0,0,0,0,0,0,0,0,0,0,0,0,0,0,0,0,0,0,0,0,0,0,0
VH075030_PTVB827_3GJPBVH.VH075P_-_2024-05-30 15:39:37_2024-05-30 17:17:40_B3N049.1_11,VH075030_PTVB827_3GJPBVH.VH075P_-_2024-05-30 15:39:37_2024-05-30 17:17:40_B3N049.1_11_0_3,VH075030,B3N049.1,11,PTVB827,3GJPBVH.VH075P,-,2024-05-30 15:39:37,2024-05-30 17:17:40,EX1,0,3,2814.357,98820.0,0.0,1.9e-05,0.0,0.01925,0.0,0.011282,0.0,0.001979,0,-0.001855,0.0,-0.00113,0.0,-0.000299,0,5.6e-05,0,7e-05,0.0,0,0,-0.119263,0,0.140351,0,0.162072,0,0,0,0,0,0.110879,0,-0.023047,0,-0.142243,0,0,0,0,0,0,0,0,0,-0.020448,0,-0.010702,0,0,0,0,0,0,0,0,0,0,0,0,0,0,0,0,0,0,0,0,0,0,0,0
VH075030_PTVB827_3GJPBVH.VH075P_-_2024-05-30 15:39:37_2024-05-30 17:17:40_B3N049.1_11,VH075030_PTVB827_3GJPBVH.VH075P_-_2024-05-30 15:39:37_2024-05-30 17:17:40_B3N049.1_11_0_4,VH075030,B3N049.1,11,PTVB827,3GJPBVH.VH075P,-,2024-05-30 15:39:37,2024-05-30 17:17:40,EX1,0,4,2814.357,131760.0,0.0,-1.5e-05,0.0,0.007427,0.0,-0.024047,0.0,-0.000506,0,-0.002288,0.0,-0.000346,0.0,-0.000613,0,7.2e-05,0,7.8e-05,0.0,0,0,-0.212373,0,0.334417,0,0.353993,0,0,0,0,0,0.143068,0,0.106399,0,-0.021525,0,0,0,0,0,0,0,0,0,-0.031328,0,-0.075238,0,0,0,0,0,0,0,0,0,0,0,0,0,0,0,0,0,0,0,0,0,0,0,0
VH075030_PTVB827_3GJPBVH.VH075P_-_2024-05-30 15:39:37_2024-05-30 17:17:40_B3N049.1_11,VH075030_PTVB827_3GJPBVH.VH075P_-_2024-05-30 15:39:37_2024-05-30 17:17:40_B3N049.1_11_1_-4,VH075030,B3N049.1,11,PTVB827,3GJPBVH.VH075P,-,2024-05-30 15:39:37,2024-05-30 17:17:40,EX1,1,-4,25398.037,-131760.0,0.0,-0.00017,0.0,-0.060867,0.0,-0.00991,0.0,0.002257,0,0.001581,0.0,-1.6e-05,0.0,-0.000194,0,0.000247,0,9.6e-05,0.0,0,0,0.094706,0,-0.12478,0,0.226036,0,0,0,0,0,0.025936,0,-0.044634,0,-0.180636,0,0,0,0,0,0,0,0,0,-0.000575,0,0.002903,0,0,0,0,0,0,0,0,0,0,0,0,0,0,0,0,0,0,0,0,0,0,0,0
VH075030_PTVB827_3GJPBVH.VH075P_-_2024-05-30 15:39:37_2024-05-30 17:17:40_B3N049.1_11,VH075030_PTVB827_3GJPBVH.VH075P_-_2024-05-30 15:39:37_2024-05-30 17:17:40_B3N049.1_11_1_-3,VH075030,B3N049.1,11,PTVB827,3GJPBVH.VH075P,-,2024-05-30 15:39:37,2024-05-30 17:17:40,EX1,1,-3,25398.037,-98820.0,0.0,-0.000319,0.0,0.021809,0.0,-0.008437,0.0,0.003189,0,0.000263,0.0,-0.000707,0.0,-0.000369,0,-3.9e-05,0,9.6e-05,0.0,0,0,-0.097411,0,0.093811,0,0.23073,0,0,0,0,0,0.102068,0,0.028832,0,-0.036604,0,0,0,0,0,0,0,0,0,-0.041881,0,-0.082446,0,0,0,0,0,0,0,0,0,0,0,0,0,0,0,0,0,0,0,0,0,0,0,0
VH075030_PTVB827_3GJPBVH.VH075P_-_2024-05-30 15:39:37_2024-05-30 17:17:40_B3N049.1_11,VH075030_PTVB827_3GJPBVH.VH075P_-_2024-05-30 15:39:37_2024-05-30 17:17:40_B3N049.1_11_1_-2,VH075030,B3N049.1,11,PTVB827,3GJPBVH.VH075P,-,2024-05-30 15:39:37,2024-05-30 17:17:40,EX1,1,-2,25398.037,-65880.0,0.0,0.000245,0.0,0.015584,0.0,0.009005,0.0,0.003515,0,-0.000645,0.0,-0.000645,0.0,-0.000169,0,0.00019,0,7.8e-05,0.0,0,0,-0.13395,0,0.059438,0,0.238824,0,0,0,0,0,0.086051,0,-0.080129,0,-0.120661,0,0,0,0,0,0,0,0,0,0.00544,0,-0.069505,0,0,0,0,0,0,0,0,0,0,0,0,0,0,0,0,0,0,0,0,0,0,0,0
VH075030_PTVB827_3GJPBVH.VH075P_-_2024-05-30 15:39:37_2024-05-30 17:17:40_B3N049.1_11,VH075030_PTVB827_3GJPBVH.VH075P_-_2024-05-30 15:39:37_2024-05-30 17:17:40_B3N049.1_11_1_-1,VH075030,B3N049.1,11,PTVB827,3GJPBVH.VH075P,-,2024-05-30 15:39:37,2024-05-30 17:17:40,EX1,1,-1,25398.037,-32940.0,0.0,4.9e-05,0.0,0.034544,0.0,-0.019381,0.0,0.00076,0,0.001151,0.0,0.000107,0.0,-0.000372,0,0.000302,0,-3e-05,0.0,0,0,-0.059628,0,-0.012871,0,0.31532,0,0,0,0,0,0.132639,0,-0.08061,0,-0.066617,0,0,0,0,0,0,0,0,0,-0.010638,0,-0.108759,0,0,0,0,0,0,0,0,0,0,0,0,0,0,0,0,0,0,0,0,0,0,0,0
VH075030_PTVB827_3GJPBVH.VH075P_-_2024-05-30 15:39:37_2024-05-30 17:17:40_B3N049.1_11,VH075030_PTVB827_3GJPBVH.VH075P_-_2024-05-30 15:39:37_2024-05-30 17:17:40_B3N049.1_11_1_0,VH075030,B3N049.1,11,PTVB827,3GJPBVH.VH075P,-,2024-05-30 15:39:37,2024-05-30 17:17:40,EX1,1,0,25398.037,0.0,0.0,0.0001,0.0,0.023617,0.0,-0.001902,0.0,0.001139,0,-6.3e-05,0.0,-0.001518,0.0,-0.00043,0,7.3e-05,0,0.000372,0.0,0,0,-0.020948,0,0.00194,0,0.202238,0,0,0,0,0,0.111118,0,-0.026609,0,-0.106173,0,0,0,0,0,0,0,0,0,-0.003716,0,-0.058709,0,0,0,0,0,0,0,0,0,0,0,0,0,0,0,0,0,0,0,0,0,0,0,0
VH075030_PTVB827_3GJPBVH.VH075P_-_2024-05-30 15:39:37_2024-05-30 17:17:40_B3N049.1_11,VH075030_PTVB827_3GJPBVH.VH075P_-_2024-05-30 15:39:37_2024-05-30 17:17:40_B3N049.1_11_1_1,VH075030,B3N049.1,11,PTVB827,3GJPBVH.VH075P,-,2024-05-30 15:39:37,2024-05-30 17:17:40,EX1,1,1,25398.037,32940.0,0.0,4.7e-05,0.0,0.048154,0.0,-0.016213,0.0,0.000658,0,-0.000195,0.0,-0.001317,0.0,-0.000411,0,0.000135,0,-4.8e-05,0.0,0,0,-0.071032,0,0.019378,0,0.200801,0,0,0,0,0,0.151029,0,-0.02339,0,-0.071958,0,0,0,0,0,0,0,0,0,-0.011999,0,-0.053686,0,0,0,0,0,0,0,0,0,0,0,0,0,0,0,0,0,0,0,0,0,0,0,0
VH075030_PTVB827_3GJPBVH.VH075P_-_2024-05-30 15:39:37_2024-05-30 17:17:40_B3N049.1_11,VH075030_PTVB827_3GJPBVH.VH075P_-_2024-05-30 15:39:37_2024-05-30 17:17:40_B3N049.1_11_1_2,VH075030,B3N049.1,11,PTVB827,3GJPBVH.VH075P,-,2024-05-30 15:39:37,2024-05-30 17:17:40,EX1,1,2,25398.037,65880.0,0.0,-0.000144,0.0,0.033488,0.0,-0.009403,0.0,0.001387,0,0.001223,0.0,-0.001015,0.0,-0.00048,0,0.000119,0,6.2e-05,0.0,0,0,-0.057847,0,-0.039771,0,0.344212,0,0,0,0,0,0.169981,0,-0.031821,0,-0.10186,0,0,0,0,0,0,0,0,0,-0.013922,0,-0.125674,0,0,0,0,0,0,0,0,0,0,0,0,0,0,0,0,0,0,0,0,0,0,0,0
VH075030_PTVB827_3GJPBVH.VH075P_-_2024-05-30 15:39:37_2024-05-30 17:17:40_B3N049.1_11,VH075030_PTVB827_3GJPBVH.VH075P_-_2024-05-30 15:39:37_2024-05-30 17:17:40_B3N049.1_11_1_3,VH075030,B3N049.1,11,PTVB827,3GJPBVH.VH075P,-,2024-05-30 15:39:37,2024-05-30 17:17:40,EX1,1,3,25398.037,98820.0,0.0,-0.00033,0.0,0.025794,0.0,-0.025462,0.0,0.002455,0,0.00033,0.0,-0.000936,0.0,-0.000495,0,0.000316,0,0.000103,0.0,0,0,-0.085037,0,0.083654,0,0.309718,0,0,0,0,0,0.123014,0,-0.091029,0,-0.018516,0,0,0,0,0,0,0,0,0,-0.05523,0,-0.123651,0,0,0,0,0,0,0,0,0,0,0,0,0,0,0,0,0,0,0,0,0,0,0,0
VH075030_PTVB827_3GJPBVH.VH075P_-_2024-05-30 15:39:37_2024-05-30 17:17:40_B3N049.1_11,VH075030_PTVB827_3GJPBVH.VH075P_-_2024-05-30 15:39:37_2024-05-30 17:17:40_B3N049.1_11_1_4,VH075030,B3N049.1,11,PTVB827,3GJPBVH.VH075P,-,2024-05-30 15:39:37,2024-05-30 17:17:40,EX1,1,4,25398.037,131760.0,0.0,0.000179,0.0,-0.02789,0.0,-0.017707,0.0,-0.000982,0,-0.00272,0.0,-0.000702,0.0,-0.000497,0,8.6e-05,0,-3.2e-05,0.0,0,0,-0.128124,0,0.081957,0,0.044267,0,0,0,0,0,0.088161,0,-0.059246,0,0.059517,0,0,0,0,0,0,0,0,0,-0.025899,0,0.006641,0,0,0,0,0,0,0,0,0,0,0,0,0,0,0,0,0,0,0,0,0,0,0,0
VH075030_PTVB827_3GJPBVH.VH075P_-_2024-05-30 15:39:37_2024-05-30 17:17:40_B3N049.1_11,VH075030_PTVB827_3GJPBVH.VH075P_-_2024-05-30 15:39:37_2024-05-30 17:17:40_B3N049.1_11_2_-4,VH075030,B3N049.1,11,PTVB827,3GJPBVH.VH075P,-,2024-05-30 15:39:37,2024-05-30 17:17:40,EX1,2,-4,47981.717,-131760.0,0.0,0.000586,0.0,-0.040022,0.0,0.044754,0.0,-0.001118,0,-0.0049,0.0,0.001321,0.0,-9e-05,0,-0.000117,0,8.1e-05,0.0,0,0,0.036387,0,0.091679,0,0.029637,0,0,0,0,0,0.022251,0,0.017724,0,-0.111363,0,0,0,0,0,0,0,0,0,0.01649,0,-0.012507,0,0,0,0,0,0,0,0,0,0,0,0,0,0,0,0,0,0,0,0,0,0,0,0
VH075030_PTVB827_3GJPBVH.VH075P_-_2024-05-30 15:39:37_2024-05-30 17:17:40_B3N049.1_11,VH075030_PTVB827_3GJPBVH.VH075P_-_2024-05-30 15:39:37_2024-05-30 17:17:40_B3N049.1_11_2_-3,VH075030,B3N049.1,11,PTVB827,3GJPBVH.VH075P,-,2024-05-30 15:39:37,2024-05-30 17:17:40,EX1,2,-3,47981.717,-98820.0,0.0,0.000184,0.0,0.02037,0.0,0.013576,0.0,0.002942,0,-0.002375,0.0,-0.003174,0.0,-0.000424,0,-1.9e-05,0,-9e-06,0.0,0,0,-0.130069,0,0.157077,0,0.279192,0,0,0,0,0,0.124504,0,-0.040891,0,0.021026,0,0,0,0,0,0,0,0,0,-0.029188,0,-0.058647,0,0,0,0,0,0,0,0,0,0,0,0,0,0,0,0,0,0,0,0,0,0,0,0
VH075030_PTVB827_3GJPBVH.VH075P_-_2024-05-30 15:39:37_2024-05-30 17:17:40_B3N049.1_11,VH075030_PTVB827_3GJPBVH.VH075P_-_2024-05-30 15:39:37_2024-05-30 17:17:40_B3N049.1_11_2_-2,VH075030,B3N049.1,11,PTVB827,3GJPBVH.VH075P,-,2024-05-30 15:39:37,2024-05-30 17:17:40,EX1,2,-2,47981.717,-65880.0,0.0,-3.4e-05,0.0,0.032971,0.0,-0.000623,0.0,0.001657,0,-0.000524,0.0,-0.000215,0.0,-0.000566,0,-0.000116,0,0.000176,0.0,0,0,-0.091848,0,-0.003016,0,0.243347,0,0,0,0,0,0.169596,0,0.03245,0,-0.024487,0,0,0,0,0,0,0,0,0,0.009893,0,-0.087342,0,0,0,0,0,0,0,0,0,0,0,0,0,0,0,0,0,0,0,0,0,0,0,0
VH075030_PTVB827_3GJPBVH.VH075P_-_2024-05-30 15:39:37_2024-05-30 17:17:40_B3N049.1_11,VH075030_PTVB827_3GJPBVH.VH075P_-_2024-05-30 15:39:37_2024-05-30 17:17:40_B3N049.1_11_2_-1,VH075030,B3N049.1,11,PTVB827,3GJPBVH.VH075P,-,2024-05-30 15:39:37,2024-05-30 17:17:40,EX1,2,-1,47981.717,-32940.0,0.0,0.000153,0.0,0.02501,0.0,0.009072,0.0,0.002352,0,-0.00084,0.0,0.00057,0.0,-0.000344,0,-1.6e-05,0,0.000137,0.0,0,0,-0.076878,0,0.140608,0,0.088052,0,0,0,0,0,0.103063,0,-0.012156,0,-0.06244,0,0,0,0,0,0,0,0,0,-0.031163,0,-0.049921,0,0,0,0,0,0,0,0,0,0,0,0,0,0,0,0,0,0,0,0,0,0,0,0
VH075030_PTVB827_3GJPBVH.VH075P_-_2024-05-30 15:39:37_2024-05-30 17:17:40_B3N049.1_11,VH075030_PTVB827_3GJPBVH.VH075P_-_2024-05-30 15:39:37_2024-05-30 17:17:40_B3N049.1_11_2_0,VH075030,B3N049.1,11,PTVB827,3GJPBVH.VH075P,-,2024-05-30 15:39:37,2024-05-30 17:17:40,EX1,2,0,47981.717,0.0,0.0,-3.1e-05,0.0,0.023332,0.0,-0.009842,0.0,0.00354,0,-0.00062,0.0,-0.003769,0.0,-0.000447,0,0.000112,0,6.7e-05,0.0,0,0,-0.177493,0,0.121021,0,0.311498,0,0,0,0,0,0.155006,0,-0.046804,0,-0.030682,0,0,0,0,0,0,0,0,0,-0.045323,0,-0.068479,0,0,0,0,0,0,0,0,0,0,0,0,0,0,0,0,0,0,0,0,0,0,0,0
VH075030_PTVB827_3GJPBVH.VH075P_-_2024-05-30 15:39:37_2024-05-30 17:17:40_B3N049.1_11,VH075030_PTVB827_3GJPBVH.VH075P_-_2024-05-30 15:39:37_2024-05-30 17:17:40_B3N049.1_11_2_1,VH075030,B3N049.1,11,PTVB827,3GJPBVH.VH075P,-,2024-05-30 15:39:37,2024-05-30 17:17:40,EX1,2,1,47981.717,32940.0,0.0,0.000142,0.0,0.03646,0.0,0.011285,0.0,0.001354,0,-0.001833,0.0,-0.000399,0.0,-0.000417,0,-0.000138,0,0.00012,0.0,0,0,-0.070596,0,0.137645,0,0.117825,0,0,0,0,0,0.119961,0,0.027821,0,-0.057401,0,0,0,0,0,0,0,0,0,-0.009972,0,-0.009187,0,0,0,0,0,0,0,0,0,0,0,0,0,0,0,0,0,0,0,0,0,0,0,0
VH075030_PTVB827_3GJPBVH.VH075P_-_2024-05-30 15:39:37_2024-05-30 17:17:40_B3N049.1_11,VH075030_PTVB827_3GJPBVH.VH075P_-_2024-05-30 15:39:37_2024-05-30 17:17:40_B3N049.1_11_2_2,VH075030,B3N049.1,11,PTVB827,3GJPBVH.VH075P,-,2024-05-30 15:39:37,2024-05-30 17:17:40,EX1,2,2,47981.717,65880.0,0.0,0.00023,0.0,0.037466,0.0,0.016074,0.0,0.000257,0,-0.002401,0.0,-0.001071,0.0,-0.000436,0,-3.8e-05,0,0.000132,0.0,0,0,-0.022975,0,0.239406,0,0.233257,0,0,0,0,0,0.124887,0,0.010413,0,-0.033309,0,0,0,0,0,0,0,0,0,-0.042499,0,-0.077795,0,0,0,0,0,0,0,0,0,0,0,0,0,0,0,0,0,0,0,0,0,0,0,0
VH075030_PTVB827_3GJPBVH.VH075P_-_2024-05-30 15:39:37_2024-05-30 17:17:40_B3N049.1_11,VH075030_PTVB827_3GJPBVH.VH075P_-_2024-05-30 15:39:37_2024-05-30 17:17:40_B3N049.1_11_2_3,VH075030,B3N049.1,11,PTVB827,3GJPBVH.VH075P,-,2024-05-30 15:39:37,2024-05-30 17:17:40,EX1,2,3,47981.717,98820.0,0.0,0.000314,0.0,0.031056,0.0,0.026783,0.0,0.002598,0,-0.001508,0.0,-0.003401,0.0,-0.000395,0,-8.6e-05,0,-1.3e-05,0.0,0,0,-0.129311,0,0.161156,0,0.19467,0,0,0,0,0,0.113646,0,-0.008757,0,-0.009567,0,0,0,0,0,0,0,0,0,-0.039375,0,-0.038443,0,0,0,0,0,0,0,0,0,0,0,0,0,0,0,0,0,0,0,0,0,0,0,0
VH075030_PTVB827_3GJPBVH.VH075P_-_2024-05-30 15:39:37_2024-05-30 17:17:40_B3N049.1_11,VH075030_PTVB827_3GJPBVH.VH075P_-_2024-05-30 15:39:37_2024-05-30 17:17:40_B3N049.1_11_2_4,VH075030,B3N049.1,11,PTVB827,3GJPBVH.VH075P,-,2024-05-30 15:39:37,2024-05-30 17:17:40,EX1,2,4,47981.717,131760.0,0.0,-0.000745,0.0,-0.046707,0.0,-0.041135,0.0,0.002001,0,-0.004861,0.0,-0.001149,0.0,-0.000197,0,-6.9e-05,0,-0.000618,0.0,0,0,-0.039542,0,0.14685,0,-0.065586,0,0,0,0,0,0.112702,0,0.002982,0,0.005469,0,0,0,0,0,0,0,0,0,-0.045798,0,-0.081888,0,0,0,0,0,0,0,0,0,0,0,0,0,0,0,0,0,0,0,0,0,0,0,0
VH075030_PTVB827_3GJPBVH.VH075P_-_2024-05-30 15:39:37_2024-05-30 17:17:40_B3N049.1_11,VH075030_PTVB827_3GJPBVH.VH075P_-_2024-05-30 15:39:37_2024-05-30 17:17:40_B3N049.1_11_3_-4,VH075030,B3N049.1,11,PTVB827,3GJPBVH.VH075P,-,2024-05-30 15:39:37,2024-05-30 17:17:40,EX1,3,-4,70565.397,-131760.0,0.0,0.001705,0.0,-0.140133,0.0,0.014791,0.0,0.0,0,0.0,0.0,0.0,0.0,0.0,0,0.0,0,0.0,0.0,0,0,0.0,0,0.0,0,0.0,0,0,0,0,0,0.0,0,0.0,0,0.0,0,0,0,0,0,0,0,0,0,0.0,0,0.0,0,0,0,0,0,0,0,0,0,0,0,0,0,0,0,0,0,0,0,0,0,0,0,0
VH075030_PTVB827_3GJPBVH.VH075P_-_2024-05-30 15:39:37_2024-05-30 17:17:40_B3N049.1_11,VH075030_PTVB827_3GJPBVH.VH075P_-_2024-05-30 15:39:37_2024-05-30 17:17:40_B3N049.1_11_3_-3,VH075030,B3N049.1,11,PTVB827,3GJPBVH.VH075P,-,2024-05-30 15:39:37,2024-05-30 17:17:40,EX1,3,-3,70565.397,-98820.0,0.0,-0.000527,0.0,0.014647,0.0,0.001729,0.0,0.001058,0,-0.000957,0.0,0.000252,0.0,-0.000469,0,4e-06,0,2.5e-05,0.0,0,0,-0.026505,0,0.147928,0,0.267018,0,0,0,0,0,0.144682,0,0.000575,0,0.018226,0,0,0,0,0,0,0,0,0,-0.046636,0,-0.080207,0,0,0,0,0,0,0,0,0,0,0,0,0,0,0,0,0,0,0,0,0,0,0,0
VH075030_PTVB827_3GJPBVH.VH075P_-_2024-05-30 15:39:37_2024-05-30 17:17:40_B3N049.1_11,VH075030_PTVB827_3GJPBVH.VH075P_-_2024-05-30 15:39:37_2024-05-30 17:17:40_B3N049.1_11_3_-2,VH075030,B3N049.1,11,PTVB827,3GJPBVH.VH075P,-,2024-05-30 15:39:37,2024-05-30 17:17:40,EX1,3,-2,70565.397,-65880.0,0.0,8.4e-05,0.0,0.021341,0.0,0.021856,0.0,0.003127,0,-0.000305,0.0,-0.001846,0.0,-0.000364,0,-0.000157,0,1.5e-05,0.0,0,0,-0.141777,0,0.112627,0,0.168528,0,0,0,0,0,0.108759,0,0.020856,0,-0.007454,0,0,0,0,0,0,0,0,0,-0.036016,0,-0.005107,0,0,0,0,0,0,0,0,0,0,0,0,0,0,0,0,0,0,0,0,0,0,0,0
VH075030_PTVB827_3GJPBVH.VH075P_-_2024-05-30 15:39:37_2024-05-30 17:17:40_B3N049.1_11,VH075030_PTVB827_3GJPBVH.VH075P_-_2024-05-30 15:39:37_2024-05-30 17:17:40_B3N049.1_11_3_-1,VH075030,B3N049.1,11,PTVB827,3GJPBVH.VH075P,-,2024-05-30 15:39:37,2024-05-30 17:17:40,EX1,3,-1,70565.397,-32940.0,0.0,-0.000273,0.0,0.060328,0.0,-0.016561,0.0,0.002803,0,0.001155,0.0,-0.000289,0.0,-0.000774,0,0.000138,0,6.4e-05,0.0,0,0,-0.08524,0,-0.006571,0,0.090013,0,0,0,0,0,0.187941,0,-0.03075,0,0.064599,0,0,0,0,0,0,0,0,0,-0.02902,0,-0.053347,0,0,0,0,0,0,0,0,0,0,0,0,0,0,0,0,0,0,0,0,0,0,0,0
VH075030_PTVB827_3GJPBVH.VH075P_-_2024-05-30 15:39:37_2024-05-30 17:17:40_B3N049.1_11,VH075030_PTVB827_3GJPBVH.VH075P_-_2024-05-30 15:39:37_2024-05-30 17:17:40_B3N049.1_11_3_0,VH075030,B3N049.1,11,PTVB827,3GJPBVH.VH075P,-,2024-05-30 15:39:37,2024-05-30 17:17:40,EX1,3,0,70565.397,0.0,0.0,8.2e-05,0.0,0.015844,0.0,0.002739,0.0,0.002248,0,-0.000562,0.0,0.000916,0.0,-0.000137,0,0.000205,0,8.9e-05,0.0,0,0,-0.098349,0,0.113164,0,0.06785,0,0,0,0,0,0.082839,0,-0.071524,0,-0.111249,0,0,0,0,0,0,0,0,0,-0.031058,0,-0.027794,0,0,0,0,0,0,0,0,0,0,0,0,0,0,0,0,0,0,0,0,0,0,0,0
VH075030_PTVB827_3GJPBVH.VH075P_-_2024-05-30 15:39:37_2024-05-30 17:17:40_B3N049.1_11,VH075030_PTVB827_3GJPBVH.VH075P_-_2024-05-30 15:39:37_2024-05-30 17:17:40_B3N049.1_11_3_1,VH075030,B3N049.1,11,PTVB827,3GJPBVH.VH075P,-,2024-05-30 15:39:37,2024-05-30 17:17:40,EX1,3,1,70565.397,32940.0,0.0,-0.000124,0.0,0.025392,0.0,0.009031,0.0,0.001292,0,0.000368,0.0,-0.001587,0.0,-0.000564,0,-0.000176,0,-1.7e-05,0.0,0,0,-0.077157,0,0.078103,0,0.260943,0,0,0,0,0,0.194068,0,0.029719,0,0.036439,0,0,0,0,0,0,0,0,0,-0.046323,0,-0.057313,0,0,0,0,0,0,0,0,0,0,0,0,0,0,0,0,0,0,0,0,0,0,0,0
VH075030_PTVB827_3GJPBVH.VH075P_-_2024-05-30 15:39:37_2024-05-30 17:17:40_B3N049.1_11,VH075030_PTVB827_3GJPBVH.VH075P_-_2024-05-30 15:39:37_2024-05-30 17:17:40_B3N049.1_11_3_2,VH075030,B3N049.1,11,PTVB827,3GJPBVH.VH075P,-,2024-05-30 15:39:37,2024-05-30 17:17:40,EX1,3,2,70565.397,65880.0,0.0,-0.000295,0.0,0.042773,0.0,-0.016432,0.0,0.00236,0,-0.000669,0.0,-0.000728,0.0,-0.000423,0,-1e-05,0,8e-06,0.0,0,0,-0.060383,0,0.220446,0,0.250158,0,0,0,0,0,0.09122,0,0.023604,0,0.018502,0,0,0,0,0,0,0,0,0,-0.089968,0,-0.104656,0,0,0,0,0,0,0,0,0,0,0,0,0,0,0,0,0,0,0,0,0,0,0,0
VH075030_PTVB827_3GJPBVH.VH075P_-_2024-05-30 15:39:37_2024-05-30 17:17:40_B3N049.1_11,VH075030_PTVB827_3GJPBVH.VH075P_-_2024-05-30 15:39:37_2024-05-30 17:17:40_B3N049.1_11_3_3,VH075030,B3N049.1,11,PTVB827,3GJPBVH.VH075P,-,2024-05-30 15:39:37,2024-05-30 17:17:40,EX1,3,3,70565.397,98820.0,0.0,-3e-06,0.0,0.011496,0.0,-0.005876,0.0,0.001795,0,0.00044,0.0,0.000491,0.0,-0.0003,0,9e-06,0,1.9e-05,0.0,0,0,-0.087616,0,0.052969,0,0.04543,0,0,0,0,0,0.134146,0,-0.01989,0,-0.080374,0,0,0,0,0,0,0,0,0,-0.045908,0,-0.039971,0,0,0,0,0,0,0,0,0,0,0,0,0,0,0,0,0,0,0,0,0,0,0,0
VH075030_PTVB827_3GJPBVH.VH075P_-_2024-05-30 15:39:37_2024-05-30 17:17:40_B3N049.1_11,VH075030_PTVB827_3GJPBVH.VH075P_-_2024-05-30 15:39:37_2024-05-30 17:17:40_B3N049.1_11_3_4,VH075030,B3N049.1,11,PTVB827,3GJPBVH.VH075P,-,2024-05-30 15:39:37,2024-05-30 17:17:40,EX1,3,4,70565.397,131760.0,0.0,-0.000518,0.0,-0.053592,0.0,-0.009965,0.0,0.0,0,0.0,0.0,0.0,0.0,0.0,0,0.0,0,0.0,0.0,0,0,0.0,0,0.0,0,0.0,0,0,0,0,0,0.0,0,0.0,0,0.0,0,0,0,0,0,0,0,0,0,0.0,0,0.0,0,0,0,0,0,0,0,0,0,0,0,0,0,0,0,0,0,0,0,0,0,0,0,0
VH075030_PTVB827_3GJPBVH.VH075P_-_2024-05-30 15:39:37_2024-05-30 17:17:40_B3N049.1_11,VH075030_PTVB827_3GJPBVH.VH075P_-_2024-05-30 15:39:37_2024-05-30 17:17:40_B3N049.1_11_4_-3,VH075030,B3N049.1,11,PTVB827,3GJPBVH.VH075P,-,2024-05-30 15:39:37,2024-05-30 17:17:40,EX1,4,-3,93149.077,-98820.0,0.0,0.000187,0.0,-0.038337,0.0,0.04224,0.0,0.002667,0,-0.00365,0.0,0.000286,0.0,-0.000135,0,1.2e-05,0,-3.2e-05,0.0,0,0,0.06839,0,0.123563,0,0.266971,0,0,0,0,0,0.004389,0,0.075092,0,-0.01274,0,0,0,0,0,0,0,0,0,-0.072377,0,-0.143696,0,0,0,0,0,0,0,0,0,0,0,0,0,0,0,0,0,0,0,0,0,0,0,0
VH075030_PTVB827_3GJPBVH.VH075P_-_2024-05-30 15:39:37_2024-05-30 17:17:40_B3N049.1_11,VH075030_PTVB827_3GJPBVH.VH075P_-_2024-05-30 15:39:37_2024-05-30 17:17:40_B3N049.1_11_4_-2,VH075030,B3N049.1,11,PTVB827,3GJPBVH.VH075P,-,2024-05-30 15:39:37,2024-05-30 17:17:40,EX1,4,-2,93149.077,-65880.0,0.0,-0.000331,0.0,0.048728,0.0,-0.017228,0.0,0.001578,0,0.00228,0.0,-0.001204,0.0,-0.000491,0,0.000209,0,-0.00022,0.0,0,0,-0.082759,0,-0.022912,0,0.287173,0,0,0,0,0,0.167358,0,-0.054495,0,-0.007568,0,0,0,0,0,0,0,0,0,-0.03165,0,-0.083525,0,0,0,0,0,0,0,0,0,0,0,0,0,0,0,0,0,0,0,0,0,0,0,0
VH075030_PTVB827_3GJPBVH.VH075P_-_2024-05-30 15:39:37_2024-05-30 17:17:40_B3N049.1_11,VH075030_PTVB827_3GJPBVH.VH075P_-_2024-05-30 15:39:37_2024-05-30 17:17:40_B3N049.1_11_4_-1,VH075030,B3N049.1,11,PTVB827,3GJPBVH.VH075P,-,2024-05-30 15:39:37,2024-05-30 17:17:40,EX1,4,-1,93149.077,-32940.0,0.0,8.8e-05,0.0,0.046633,0.0,0.025203,0.0,0.003334,0,-0.000334,0.0,-0.002575,0.0,-0.000477,0,0.0,0,3.5e-05,0.0,0,0,-0.154606,0,0.047252,0,0.123573,0,0,0,0,0,0.127508,0,-0.050213,0,-0.027331,0,0,0,0,0,0,0,0,0,-0.008312,0,0.018266,0,0,0,0,0,0,0,0,0,0,0,0,0,0,0,0,0,0,0,0,0,0,0,0
VH075030_PTVB827_3GJPBVH.VH075P_-_2024-05-30 15:39:37_2024-05-30 17:17:40_B3N049.1_11,VH075030_PTVB827_3GJPBVH.VH075P_-_2024-05-30 15:39:37_2024-05-30 17:17:40_B3N049.1_11_4_0,VH075030,B3N049.1,11,PTVB827,3GJPBVH.VH075P,-,2024-05-30 15:39:37,2024-05-30 17:17:40,EX1,4,0,93149.077,0.0,0.0,-4.6e-05,0.0,0.037078,0.0,-0.014595,0.0,0.000817,0,-0.000558,0.0,-0.001953,0.0,-0.000511,0,0.000108,0,0.000192,0.0,0,0,-0.036491,0,0.175854,0,0.219521,0,0,0,0,0,0.136227,0,-0.025542,0,-0.015455,0,0,0,0,0,0,0,0,0,-0.080184,0,-0.058013,0,0,0,0,0,0,0,0,0,0,0,0,0,0,0,0,0,0,0,0,0,0,0,0
VH075030_PTVB827_3GJPBVH.VH075P_-_2024-05-30 15:39:37_2024-05-30 17:17:40_B3N049.1_11,VH075030_PTVB827_3GJPBVH.VH075P_-_2024-05-30 15:39:37_2024-05-30 17:17:40_B3N049.1_11_4_1,VH075030,B3N049.1,11,PTVB827,3GJPBVH.VH075P,-,2024-05-30 15:39:37,2024-05-30 17:17:40,EX1,4,1,93149.077,32940.0,0.0,1.8e-05,0.0,0.030167,0.0,0.013454,0.0,0.001686,0,-0.000971,0.0,0.000219,0.0,-0.000289,0,-5.3e-05,0,-0.000109,0.0,0,0,-0.068366,0,0.153365,0,0.231375,0,0,0,0,0,0.10876,0,-0.005693,0,-0.043237,0,0,0,0,0,0,0,0,0,-0.03506,0,-0.074722,0,0,0,0,0,0,0,0,0,0,0,0,0,0,0,0,0,0,0,0,0,0,0,0
VH075030_PTVB827_3GJPBVH.VH075P_-_2024-05-30 15:39:37_2024-05-30 17:17:40_B3N049.1_11,VH075030_PTVB827_3GJPBVH.VH075P_-_2024-05-30 15:39:37_2024-05-30 17:17:40_B3N049.1_11_4_2,VH075030,B3N049.1,11,PTVB827,3GJPBVH.VH075P,-,2024-05-30 15:39:37,2024-05-30 17:17:40,EX1,4,2,93149.077,65880.0,0.0,0.000174,0.0,0.03662,0.0,0.018978,0.0,0.00215,0,-0.001587,0.0,-0.003082,0.0,-0.000298,0,-0.000112,0,-7.5e-05,0.0,0,0,-0.132169,0,0.201183,0,0.267638,0,0,0,0,0,0.067993,0,0.01814,0,0.024299,0,0,0,0,0,0,0,0,0,-0.04975,0,-0.043287,0,0,0,0,0,0,0,0,0,0,0,0,0,0,0,0,0,0,0,0,0,0,0,0
VH075030_PTVB827_3GJPBVH.VH075P_-_2024-05-30 15:39:37_2024-05-30 17:17:40_B3N049.1_11,VH075030_PTVB827_3GJPBVH.VH075P_-_2024-05-30 15:39:37_2024-05-30 17:17:40_B3N049.1_11_4_3,VH075030,B3N049.1,11,PTVB827,3GJPBVH.VH075P,-,2024-05-30 15:39:37,2024-05-30 17:17:40,EX1,4,3,93149.077,98820.0,0.0,3.5e-05,0.0,-0.013291,0.0,-0.016728,0.0,0.001423,0,-0.001656,0.0,-0.000891,0.0,-0.00022,0,-4.8e-05,0,-0.000137,0.0,0,0,-0.109203,0,0.007608,0,0.07736,0,0,0,0,0,0.065246,0,0.039137,0,0.091344,0,0,0,0,0,0,0,0,0,-0.00287,0,0.001283,0,0,0,0,0,0,0,0,0,0,0,0,0,0,0,0,0,0,0,0,0,0,0,0
VH075030_PTVB827_3GJPBVH.VH075P_-_2024-05-30 15:39:37_2024-05-30 17:17:40_B3N049.1_11,VH075030_PTVB827_3GJPBVH.VH075P_-_2024-05-30 15:39:37_2024-05-30 17:17:40_B3N049.1_11_5_-3,VH075030,B3N049.1,11,PTVB827,3GJPBVH.VH075P,-,2024-05-30 15:39:37,2024-05-30 17:17:40,EX1,5,-3,115732.757,-98820.0,0.0,0.001163,0.0,-0.101114,0.0,0.019056,0.0,0.0,0,0.0,0.0,0.0,0.0,0.0,0,0.0,0,0.0,0.0,0,0,0.0,0,0.0,0,0.0,0,0,0,0,0,0.0,0,0.0,0,0.0,0,0,0,0,0,0,0,0,0,0.0,0,0.0,0,0,0,0,0,0,0,0,0,0,0,0,0,0,0,0,0,0,0,0,0,0,0,0
VH075030_PTVB827_3GJPBVH.VH075P_-_2024-05-30 15:39:37_2024-05-30 17:17:40_B3N049.1_11,VH075030_PTVB827_3GJPBVH.VH075P_-_2024-05-30 15:39:37_2024-05-30 17:17:40_B3N049.1_11_5_-2,VH075030,B3N049.1,11,PTVB827,3GJPBVH.VH075P,-,2024-05-30 15:39:37,2024-05-30 17:17:40,EX1,5,-2,115732.757,-65880.0,0.0,0.000267,0.0,-0.005133,0.0,0.041588,0.0,0.002153,0,-0.002722,0.0,-0.000392,0.0,-0.000381,0,0.000212,0,6.5e-05,0.0,0,0,-0.010616,0,0.063905,0,0.140584,0,0,0,0,0,0.133647,0,-0.068718,0,-0.062176,0,0,0,0,0,0,0,0,0,0.001667,0,-0.076186,0,0,0,0,0,0,0,0,0,0,0,0,0,0,0,0,0,0,0,0,0,0,0,0
VH075030_PTVB827_3GJPBVH.VH075P_-_2024-05-30 15:39:37_2024-05-30 17:17:40_B3N049.1_11,VH075030_PTVB827_3GJPBVH.VH075P_-_2024-05-30 15:39:37_2024-05-30 17:17:40_B3N049.1_11_5_-1,VH075030,B3N049.1,11,PTVB827,3GJPBVH.VH075P,-,2024-05-30 15:39:37,2024-05-30 17:17:40,EX1,5,-1,115732.757,-32940.0,0.0,-0.000318,0.0,0.022372,0.0,-0.011865,0.0,0.000942,0,-0.002256,0.0,-0.000856,0.0,-0.000425,0,9.9e-05,0,6.3e-05,0.0,0,0,-0.049668,0,0.20149,0,0.284108,0,0,0,0,0,0.129085,0,-0.027227,0,-0.010291,0,0,0,0,0,0,0,0,0,-0.046241,0,-0.080891,0,0,0,0,0,0,0,0,0,0,0,0,0,0,0,0,0,0,0,0,0,0,0,0
VH075030_PTVB827_3GJPBVH.VH075P_-_2024-05-30 15:39:37_2024-05-30 17:17:40_B3N049.1_11,VH075030_PTVB827_3GJPBVH.VH075P_-_2024-05-30 15:39:37_2024-05-30 17:17:40_B3N049.1_11_5_0,VH075030,B3N049.1,11,PTVB827,3GJPBVH.VH075P,-,2024-05-30 15:39:37,2024-05-30 17:17:40,EX1,5,0,115732.757,0.0,0.0,7.8e-05,0.0,0.025245,0.0,0.014186,0.0,0.002758,0,-0.002304,0.0,-0.002163,0.0,-0.000264,0,-8e-05,0,9.5e-05,0.0,0,0,-0.11217,0,0.198341,0,0.180502,0,0,0,0,0,0.068726,0,-0.000174,0,-0.072336,0,0,0,0,0,0,0,0,0,-0.037214,0,-0.038481,0,0,0,0,0,0,0,0,0,0,0,0,0,0,0,0,0,0,0,0,0,0,0,0
VH075030_PTVB827_3GJPBVH.VH075P_-_2024-05-30 15:39:37_2024-05-30 17:17:40_B3N049.1_11,VH075030_PTVB827_3GJPBVH.VH075P_-_2024-05-30 15:39:37_2024-05-30 17:17:40_B3N049.1_11_5_1,VH075030,B3N049.1,11,PTVB827,3GJPBVH.VH075P,-,2024-05-30 15:39:37,2024-05-30 17:17:40,EX1,5,1,115732.757,32940.0,0.0,2.6e-05,0.0,0.033458,0.0,-0.000954,0.0,0.00041,0,-0.000903,0.0,-0.00166,0.0,-0.000601,0,0.0001,0,0.000201,0.0,0,0,-0.055627,0,0.044156,0,0.299555,0,0,0,0,0,0.183755,0,-0.040091,0,-0.017483,0,0,0,0,0,0,0,0,0,-0.015059,0,-0.083465,0,0,0,0,0,0,0,0,0,0,0,0,0,0,0,0,0,0,0,0,0,0,0,0
VH075030_PTVB827_3GJPBVH.VH075P_-_2024-05-30 15:39:37_2024-05-30 17:17:40_B3N049.1_11,VH075030_PTVB827_3GJPBVH.VH075P_-_2024-05-30 15:39:37_2024-05-30 17:17:40_B3N049.1_11_5_2,VH075030,B3N049.1,11,PTVB827,3GJPBVH.VH075P,-,2024-05-30 15:39:37,2024-05-30 17:17:40,EX1,5,2,115732.757,65880.0,0.0,-6.7e-05,0.0,0.02837,0.0,0.008467,0.0,-0.000273,0,-0.004671,0.0,-0.002592,0.0,-0.00048,0,-2.5e-05,0,-3e-05,0.0,0,0,-0.03025,0,0.385698,0,0.226311,0,0,0,0,0,0.150484,0,0.068025,0,0.078687,0,0,0,0,0,0,0,0,0,-0.079174,0,0.015031,0,0,0,0,0,0,0,0,0,0,0,0,0,0,0,0,0,0,0,0,0,0,0,0
VH075030_PTVB827_3GJPBVH.VH075P_-_2024-05-30 15:39:37_2024-05-30 17:17:40_B3N049.1_11,VH075030_PTVB827_3GJPBVH.VH075P_-_2024-05-30 15:39:37_2024-05-30 17:17:40_B3N049.1_11_5_3,VH075030,B3N049.1,11,PTVB827,3GJPBVH.VH075P,-,2024-05-30 15:39:37,2024-05-30 17:17:40,EX1,5,3,115732.757,98820.0,0.0,-0.000337,0.0,-0.024403,0.0,0.00396,0.0,0.0,0,0.0,0.0,0.0,0.0,0.0,0,0.0,0,0.0,0.0,0,0,0.0,0,0.0,0,0.0,0,0,0,0,0,0.0,0,0.0,0,0.0,0,0,0,0,0,0,0,0,0,0.0,0,0.0,0,0,0,0,0,0,0,0,0,0,0,0,0,0,0,0,0,0,0,0,0,0,0,0
VH075030_PTVB827_3GJPBVH.VH075P_-_2024-05-30 15:39:37_2024-05-30 17:17:40_B3N049.1_11,VH075030_PTVB827_3GJPBVH.VH075P_-_2024-05-30 15:39:37_2024-05-30 17:17:40_B3N049.1_11_6_-2,VH075030,B3N049.1,11,PTVB827,3GJPBVH.VH075P,-,2024-05-30 15:39:37,2024-05-30 17:17:40,EX1,6,-2,138316.437,-65880.0,0.0,0.000409,0.0,0.0,0.0,0.0,0.0,0.0,0,0.0,0.0,0.0,0.0,0.0,0,0.0,0,0.0,0.0,0,0,0.0,0,0.0,0,0.0,0,0,0,0,0,0.0,0,0.0,0,0.0,0,0,0,0,0,0,0,0,0,0.0,0,0.0,0,0,0,0,0,0,0,0,0,0,0,0,0,0,0,0,0,0,0,0,0,0,0,0
VH075030_PTVB827_3GJPBVH.VH075P_-_2024-05-30 15:39:37_2024-05-30 17:17:40_B3N049.1_11,VH075030_PTVB827_3GJPBVH.VH075P_-_2024-05-30 15:39:37_2024-05-30 17:17:40_B3N049.1_11_6_-1,VH075030,B3N049.1,11,PTVB827,3GJPBVH.VH075P,-,2024-05-30 15:39:37,2024-05-30 17:17:40,EX1,6,-1,138316.437,-32940.0,0.0,0.000451,0.0,-0.026496,0.0,0.076503,0.0,0.001206,0,-0.004303,0.0,0.001223,0.0,-0.000215,0,6.3e-05,0,0.000191,0.0,0,0,-0.020343,0,0.119406,0,0.120007,0,0,0,0,0,0.077607,0,0.044132,0,-0.104137,0,0,0,0,0,0,0,0,0,-0.048982,0,0.014563,0,0,0,0,0,0,0,0,0,0,0,0,0,0,0,0,0,0,0,0,0,0,0,0
VH075030_PTVB827_3GJPBVH.VH075P_-_2024-05-30 15:39:37_2024-05-30 17:17:40_B3N049.1_11,VH075030_PTVB827_3GJPBVH.VH075P_-_2024-05-30 15:39:37_2024-05-30 17:17:40_B3N049.1_11_6_0,VH075030,B3N049.1,11,PTVB827,3GJPBVH.VH075P,-,2024-05-30 15:39:37,2024-05-30 17:17:40,EX1,6,0,138316.437,0.0,0.0,-0.000172,0.0,0.016321,0.0,-0.008844,0.0,0.000536,0,0.000533,0.0,-0.005219,0.0,-0.000471,0,6e-06,0,0.000152,0.0,0,0,-0.027762,0,0.120107,0,0.242679,0,0,0,0,0,0.162308,0,0.027969,0,-0.046091,0,0,0,0,0,0,0,0,0,-0.060646,0,-0.029025,0,0,0,0,0,0,0,0,0,0,0,0,0,0,0,0,0,0,0,0,0,0,0,0
VH075030_PTVB827_3GJPBVH.VH075P_-_2024-05-30 15:39:37_2024-05-30 17:17:40_B3N049.1_11,VH075030_PTVB827_3GJPBVH.VH075P_-_2024-05-30 15:39:37_2024-05-30 17:17:40_B3N049.1_11_6_1,VH075030,B3N049.1,11,PTVB827,3GJPBVH.VH075P,-,2024-05-30 15:39:37,2024-05-30 17:17:40,EX1,6,1,138316.437,32940.0,0.0,0.000421,0.0,0.001476,0.0,0.039712,0.0,0.002547,0,-0.002089,0.0,-0.001187,0.0,-0.000334,0,-2e-05,0,0.000111,0.0,0,0,-0.079107,0,0.082724,0,0.190416,0,0,0,0,0,0.125635,0,0.010753,0,-0.057437,0,0,0,0,0,0,0,0,0,-0.028035,0,-0.032435,0,0,0,0,0,0,0,0,0,0,0,0,0,0,0,0,0,0,0,0,0,0,0,0
VH075030_PTVB827_3GJPBVH.VH075P_-_2024-05-30 15:39:37_2024-05-30 17:17:40_B3N049.1_11,VH075030_PTVB827_3GJPBVH.VH075P_-_2024-05-30 15:39:37_2024-05-30 17:17:40_B3N049.1_11_6_2,VH075030,B3N049.1,11,PTVB827,3GJPBVH.VH075P,-,2024-05-30 15:39:37,2024-05-30 17:17:40,EX1,6,2,138316.437,65880.0,0.0,9.6e-05,0.0,0.0,0.0,0.0,0.0,0.0,0,0.0,0.0,0.0,0.0,0.0,0,0.0,0,0.0,0.0,0,0,0.0,0,0.0,0,0.0,0,0,0,0,0,0.0,0,0.0,0,0.0,0,0,0,0,0,0,0,0,0,0.0,0,0.0,0,0,0,0,0,0,0,0,0,0,0,0,0,0,0,0,0,0,0,0,0,0,0,0
WF075030_PTVP841_5G4PPWF.WF075P_-_2024-07-16 23:04:19_2024-07-16 23:55:04_PDS211.1_11,WF075030_PTVP841_5G4PPWF.WF075P_-_2024-07-16 23:04:19_2024-07-16 23:55:04_PDS211.1_11_-6_-2,WF075030,PDS211.1,11,PTVP841,5G4PPWF.WF075P,-,2024-07-16 23:04:19,2024-07-16 23:55:04,EX1,-6,-2,-138747.6,-49573.198,0.002441,0.0,-0.252822,0.0,0.036364,0.0,-0.009189,0.0,0,0.0,0.000881,0.0,0.000642,0.0,0,0.0,0,0.0,-0.000277,0,0,0.0,0,0.0,0,0.0,0,0,0,0,0,0.0,0,0.0,0,0.0,0,0,0,0,0,0,0,0,0,0.0,0,0.0,0,0,0,0,0,0,0,0,0,0,0,0,0,0,0,0,0,0,0,0,0,0,0,0
WF075030_PTVP841_5G4PPWF.WF075P_-_2024-07-16 23:04:19_2024-07-16 23:55:04_PDS211.1_11,WF075030_PTVP841_5G4PPWF.WF075P_-_2024-07-16 23:04:19_2024-07-16 23:55:04_PDS211.1_11_-6_-1,WF075030,PDS211.1,11,PTVP841,5G4PPWF.WF075P,-,2024-07-16 23:04:19,2024-07-16 23:55:04,EX1,-6,-1,-138747.6,-21223.798,7.9e-05,0.0,-0.210751,0.0,0.052045,0.0,0.031956,0.0,0,0.0,-0.000244,0.0,-0.001478,0.0,0,0.0,0,0.0,9e-05,0,0,0.0,0,0.0,0,0.0,0,0,0,0,0,0.0,0,0.0,0,0.0,0,0,0,0,0,0,0,0,0,0.0,0,0.0,0,0,0,0,0,0,0,0,0,0,0,0,0,0,0,0,0,0,0,0,0,0,0,0
WF075030_PTVP841_5G4PPWF.WF075P_-_2024-07-16 23:04:19_2024-07-16 23:55:04_PDS211.1_11,WF075030_PTVP841_5G4PPWF.WF075P_-_2024-07-16 23:04:19_2024-07-16 23:55:04_PDS211.1_11_-6_0,WF075030,PDS211.1,11,PTVP841,5G4PPWF.WF075P,-,2024-07-16 23:04:19,2024-07-16 23:55:04,EX1,-6,0,-138747.6,7125.602,-0.000317,0.0,-0.178886,0.0,-0.011875,0.0,0.032542,0.0,0,0.0,0.000386,0.0,-0.001388,0.0,0,0.0,0,0.0,-5e-06,0,0,0.0,0,0.0,0,0.0,0,0,0,0,0,0.0,0,0.0,0,0.0,0,0,0,0,0,0,0,0,0,0.0,0,0.0,0,0,0,0,0,0,0,0,0,0,0,0,0,0,0,0,0,0,0,0,0,0,0,0
WF075030_PTVP841_5G4PPWF.WF075P_-_2024-07-16 23:04:19_2024-07-16 23:55:04_PDS211.1_11,WF075030_PTVP841_5G4PPWF.WF075P_-_2024-07-16 23:04:19_2024-07-16 23:55:04_PDS211.1_11_-6_1,WF075030,PDS211.1,11,PTVP841,5G4PPWF.WF075P,-,2024-07-16 23:04:19,2024-07-16 23:55:04,EX1,-6,1,-138747.6,35475.002,0.000558,0.0,-0.226,0.0,-0.025532,0.0,0.009671,0.0,0,0.0,0.001151,0.0,0.000147,0.0,0,0.0,0,0.0,0.00014,0,0,0.0,0,0.0,0,0.0,0,0,0,0,0,0.0,0,0.0,0,0.0,0,0,0,0,0,0,0,0,0,0.0,0,0.0,0,0,0,0,0,0,0,0,0,0,0,0,0,0,0,0,0,0,0,0,0,0,0,0
WF075030_PTVP841_5G4PPWF.WF075P_-_2024-07-16 23:04:19_2024-07-16 23:55:04_PDS211.1_11,WF075030_PTVP841_5G4PPWF.WF075P_-_2024-07-16 23:04:19_2024-07-16 23:55:04_PDS211.1_11_-5_-3,WF075030,PDS211.1,11,PTVP841,5G4PPWF.WF075P,-,2024-07-16 23:04:19,2024-07-16 23:55:04,EX1,-5,-3,-115623.0,-77922.598,0.00038,0.0,-0.084333,0.0,0.091621,0.0,0.005306,0.0,0,0.0,-0.002049,0.0,-7e-05,0.0,0,0.0,0,0.0,0.000166,0,0,0.0,0,0.0,0,0.0,0,0,0,0,0,0.0,0,0.0,0,0.0,0,0,0,0,0,0,0,0,0,0.0,0,0.0,0,0,0,0,0,0,0,0,0,0,0,0,0,0,0,0,0,0,0,0,0,0,0,0
WF075030_PTVP841_5G4PPWF.WF075P_-_2024-07-16 23:04:19_2024-07-16 23:55:04_PDS211.1_11,WF075030_PTVP841_5G4PPWF.WF075P_-_2024-07-16 23:04:19_2024-07-16 23:55:04_PDS211.1_11_-5_2,WF075030,PDS211.1,11,PTVP841,5G4PPWF.WF075P,-,2024-07-16 23:04:19,2024-07-16 23:55:04,EX1,-5,2,-115623.0,63824.402,-0.000393,0.0,0.002931,0.0,-0.046684,0.0,0.00384,0.0,0,0.0,0.002618,0.0,-0.000221,0.0,0,0.0,0,0.0,-5e-05,0,0,0.0,0,0.0,0,0.0,0,0,0,0,0,0.0,0,0.0,0,0.0,0,0,0,0,0,0,0,0,0,0.0,0,0.0,0,0,0,0,0,0,0,0,0,0,0,0,0,0,0,0,0,0,0,0,0,0,0,0
WF075030_PTVP841_5G4PPWF.WF075P_-_2024-07-16 23:04:19_2024-07-16 23:55:04_PDS211.1_11,WF075030_PTVP841_5G4PPWF.WF075P_-_2024-07-16 23:04:19_2024-07-16 23:55:04_PDS211.1_11_-5_3,WF075030,PDS211.1,11,PTVP841,5G4PPWF.WF075P,-,2024-07-16 23:04:19,2024-07-16 23:55:04,EX1,-5,3,-115623.0,92173.802,0.001034,0.0,-0.128848,0.0,-0.118405,0.0,0.016048,0.0,0,0.0,0.013582,0.0,-0.001283,0.0,0,0.0,0,0.0,0.00087,0,0,0.0,0,0.0,0,0.0,0,0,0,0,0,0.0,0,0.0,0,0.0,0,0,0,0,0,0,0,0,0,0.0,0,0.0,0,0,0,0,0,0,0,0,0,0,0,0,0,0,0,0,0,0,0,0,0,0,0,0
WF075030_PTVP841_5G4PPWF.WF075P_-_2024-07-16 23:04:19_2024-07-16 23:55:04_PDS211.1_11,WF075030_PTVP841_5G4PPWF.WF075P_-_2024-07-16 23:04:19_2024-07-16 23:55:04_PDS211.1_11_-4_-4,WF075030,PDS211.1,11,PTVP841,5G4PPWF.WF075P,-,2024-07-16 23:04:19,2024-07-16 23:55:04,EX1,-4,-4,-92498.4,-106271.998,2.1e-05,0.0,-0.013509,0.0,0.044603,0.0,0.002421,0.0,0,0.0,0.00159,0.0,-0.000279,0.0,0,0.0,0,0.0,-0.000206,0,0,0.0,0,0.0,0,0.0,0,0,0,0,0,0.0,0,0.0,0,0.0,0,0,0,0,0,0,0,0,0,0.0,0,0.0,0,0,0,0,0,0,0,0,0,0,0,0,0,0,0,0,0,0,0,0,0,0,0,0
WF075030_PTVP841_5G4PPWF.WF075P_-_2024-07-16 23:04:19_2024-07-16 23:55:04_PDS211.1_11,WF075030_PTVP841_5G4PPWF.WF075P_-_2024-07-16 23:04:19_2024-07-16 23:55:04_PDS211.1_11_-4_3,WF075030,PDS211.1,11,PTVP841,5G4PPWF.WF075P,-,2024-07-16 23:04:19,2024-07-16 23:55:04,EX1,-4,3,-92498.4,92173.802,-0.000191,0.0,-0.005863,0.0,-0.012782,0.0,0.001574,0.0,0,0.0,0.001753,0.0,4.5e-05,0.0,0,0.0,0,0.0,0.000127,0,0,0.0,0,0.0,0,0.0,0,0,0,0,0,0.0,0,0.0,0,0.0,0,0,0,0,0,0,0,0,0,0.0,0,0.0,0,0,0,0,0,0,0,0,0,0,0,0,0,0,0,0,0,0,0,0,0,0,0,0
WF075030_PTVP841_5G4PPWF.WF075P_-_2024-07-16 23:04:19_2024-07-16 23:55:04_PDS211.1_11,WF075030_PTVP841_5G4PPWF.WF075P_-_2024-07-16 23:04:19_2024-07-16 23:55:04_PDS211.1_11_-4_4,WF075030,PDS211.1,11,PTVP841,5G4PPWF.WF075P,-,2024-07-16 23:04:19,2024-07-16 23:55:04,EX1,-4,4,-92498.4,120523.202,0.001703,0.0,-0.121372,0.0,-0.055348,0.0,0.016338,0.0,0,0.0,-0.006002,0.0,-0.001339,0.0,0,0.0,0,0.0,6e-06,0,0,0.0,0,0.0,0,0.0,0,0,0,0,0,0.0,0,0.0,0,0.0,0,0,0,0,0,0,0,0,0,0.0,0,0.0,0,0,0,0,0,0,0,0,0,0,0,0,0,0,0,0,0,0,0,0,0,0,0,0
WF075030_PTVP841_5G4PPWF.WF075P_-_2024-07-16 23:04:19_2024-07-16 23:55:04_PDS211.1_11,WF075030_PTVP841_5G4PPWF.WF075P_-_2024-07-16 23:04:19_2024-07-16 23:55:04_PDS211.1_11_-3_-5,WF075030,PDS211.1,11,PTVP841,5G4PPWF.WF075P,-,2024-07-16 23:04:19,2024-07-16 23:55:04,EX1,-3,-5,-69373.8,-134621.398,0.002027,0.0,0.016871,0.0,0.659514,0.0,0.004864,0.0,0,0.0,0.078382,0.0,-0.000695,0.0,0,0.0,0,0.0,-0.003233,0,0,0.0,0,0.0,0,0.0,0,0,0,0,0,0.0,0,0.0,0,0.0,0,0,0,0,0,0,0,0,0,0.0,0,0.0,0,0,0,0,0,0,0,0,0,0,0,0,0,0,0,0,0,0,0,0,0,0,0,0
WF075030_PTVP841_5G4PPWF.WF075P_-_2024-07-16 23:04:19_2024-07-16 23:55:04_PDS211.1_11,WF075030_PTVP841_5G4PPWF.WF075P_-_2024-07-16 23:04:19_2024-07-16 23:55:04_PDS211.1_11_-3_4,WF075030,PDS211.1,11,PTVP841,5G4PPWF.WF075P,-,2024-07-16 23:04:19,2024-07-16 23:55:04,EX1,-3,4,-69373.8,120523.202,-0.000177,0.0,0.004612,0.0,-0.042965,0.0,0.000143,0.0,0,0.0,0.005122,0.0,-9.2e-05,0.0,0,0.0,0,0.0,0.000205,0,0,0.0,0,0.0,0,0.0,0,0,0,0,0,0.0,0,0.0,0,0.0,0,0,0,0,0,0,0,0,0,0.0,0,0.0,0,0,0,0,0,0,0,0,0,0,0,0,0,0,0,0,0,0,0,0,0,0,0,0
WF075030_PTVP841_5G4PPWF.WF075P_-_2024-07-16 23:04:19_2024-07-16 23:55:04_PDS211.1_11,WF075030_PTVP841_5G4PPWF.WF075P_-_2024-07-16 23:04:19_2024-07-16 23:55:04_PDS211.1_11_-2_-5,WF075030,PDS211.1,11,PTVP841,5G4PPWF.WF075P,-,2024-07-16 23:04:19,2024-07-16 23:55:04,EX1,-2,-5,-46249.2,-134621.398,4.1e-05,0.0,0.023718,0.0,0.061989,0.0,0.001704,0.0,0,0.0,0.004365,0.0,-2.3e-05,0.0,0,0.0,0,0.0,-0.000143,0,0,0.0,0,0.0,0,0.0,0,0,0,0,0,0.0,0,0.0,0,0.0,0,0,0,0,0,0,0,0,0,0.0,0,0.0,0,0,0,0,0,0,0,0,0,0,0,0,0,0,0,0,0,0,0,0,0,0,0,0
WF075030_PTVP841_5G4PPWF.WF075P_-_2024-07-16 23:04:19_2024-07-16 23:55:04_PDS211.1_11,WF075030_PTVP841_5G4PPWF.WF075P_-_2024-07-16 23:04:19_2024-07-16 23:55:04_PDS211.1_11_-2_4,WF075030,PDS211.1,11,PTVP841,5G4PPWF.WF075P,-,2024-07-16 23:04:19,2024-07-16 23:55:04,EX1,-2,4,-46249.2,120523.202,-0.000104,0.0,0.031684,0.0,-0.005741,0.0,0.00136,0.0,0,0.0,1.1e-05,0.0,-0.00014,0.0,0,0.0,0,0.0,6.8e-05,0,0,0.0,0,0.0,0,0.0,0,0,0,0,0,0.0,0,0.0,0,0.0,0,0,0,0,0,0,0,0,0,0.0,0,0.0,0,0,0,0,0,0,0,0,0,0,0,0,0,0,0,0,0,0,0,0,0,0,0,0
WF075030_PTVP841_5G4PPWF.WF075P_-_2024-07-16 23:04:19_2024-07-16 23:55:04_PDS211.1_11,WF075030_PTVP841_5G4PPWF.WF075P_-_2024-07-16 23:04:19_2024-07-16 23:55:04_PDS211.1_11_-1_-5,WF075030,PDS211.1,11,PTVP841,5G4PPWF.WF075P,-,2024-07-16 23:04:19,2024-07-16 23:55:04,EX1,-1,-5,-23124.6,-134621.398,3.1e-05,0.0,0.03642,0.0,-0.002825,0.0,0.000317,0.0,0,0.0,0.001692,0.0,-2.4e-05,0.0,0,0.0,0,0.0,-0.000174,0,0,0.0,0,0.0,0,0.0,0,0,0,0,0,0.0,0,0.0,0,0.0,0,0,0,0,0,0,0,0,0,0.0,0,0.0,0,0,0,0,0,0,0,0,0,0,0,0,0,0,0,0,0,0,0,0,0,0,0,0
WF075030_PTVP841_5G4PPWF.WF075P_-_2024-07-16 23:04:19_2024-07-16 23:55:04_PDS211.1_11,WF075030_PTVP841_5G4PPWF.WF075P_-_2024-07-16 23:04:19_2024-07-16 23:55:04_PDS211.1_11_-1_5,WF075030,PDS211.1,11,PTVP841,5G4PPWF.WF075P,-,2024-07-16 23:04:19,2024-07-16 23:55:04,EX1,-1,5,-23124.6,148872.602,0.003898,0.0,0.023434,0.0,-1.085719,0.0,0.000733,0.0,0,0.0,0.104884,0.0,-0.000281,0.0,0,0.0,0,0.0,0.003515,0,0,0.0,0,0.0,0,0.0,0,0,0,0,0,0.0,0,0.0,0,0.0,0,0,0,0,0,0,0,0,0,0.0,0,0.0,0,0,0,0,0,0,0,0,0,0,0,0,0,0,0,0,0,0,0,0,0,0,0,0
WF075030_PTVP841_5G4PPWF.WF075P_-_2024-07-16 23:04:19_2024-07-16 23:55:04_PDS211.1_11,WF075030_PTVP841_5G4PPWF.WF075P_-_2024-07-16 23:04:19_2024-07-16 23:55:04_PDS211.1_11_0_-5,WF075030,PDS211.1,11,PTVP841,5G4PPWF.WF075P,-,2024-07-16 23:04:19,2024-07-16 23:55:04,EX1,0,-5,0.0,-134621.398,6.1e-05,0.0,0.027552,0.0,-0.007784,0.0,0.001032,0.0,0,0.0,0.001258,0.0,-6.8e-05,0.0,0,0.0,0,0.0,-0.000183,0,0,0.0,0,0.0,0,0.0,0,0,0,0,0,0.0,0,0.0,0,0.0,0,0,0,0,0,0,0,0,0,0.0,0,0.0,0,0,0,0,0,0,0,0,0,0,0,0,0,0,0,0,0,0,0,0,0,0,0,0
WF075030_PTVP841_5G4PPWF.WF075P_-_2024-07-16 23:04:19_2024-07-16 23:55:04_PDS211.1_11,WF075030_PTVP841_5G4PPWF.WF075P_-_2024-07-16 23:04:19_2024-07-16 23:55:04_PDS211.1_11_0_5,WF075030,PDS211.1,11,PTVP841,5G4PPWF.WF075P,-,2024-07-16 23:04:19,2024-07-16 23:55:04,EX1,0,5,0.0,148872.602,0.002256,0.0,0.058619,0.0,-0.893237,0.0,0.000292,0.0,0,0.0,0.106098,0.0,-0.000247,0.0,0,0.0,0,0.0,0.003949,0,0,0.0,0,0.0,0,0.0,0,0,0,0,0,0.0,0,0.0,0,0.0,0,0,0,0,0,0,0,0,0,0.0,0,0.0,0,0,0,0,0,0,0,0,0,0,0,0,0,0,0,0,0,0,0,0,0,0,0,0
WF075030_PTVP841_5G4PPWF.WF075P_-_2024-07-16 23:04:19_2024-07-16 23:55:04_PDS211.1_11,WF075030_PTVP841_5G4PPWF.WF075P_-_2024-07-16 23:04:19_2024-07-16 23:55:04_PDS211.1_11_1_-5,WF075030,PDS211.1,11,PTVP841,5G4PPWF.WF075P,-,2024-07-16 23:04:19,2024-07-16 23:55:04,EX1,1,-5,23124.6,-134621.398,8e-06,0.0,0.037526,0.0,-0.051471,0.0,-0.000796,0.0,0,0.0,-0.003583,0.0,-0.000138,0.0,0,0.0,0,0.0,5.1e-05,0,0,0.0,0,0.0,0,0.0,0,0,0,0,0,0.0,0,0.0,0,0.0,0,0,0,0,0,0,0,0,0,0.0,0,0.0,0,0,0,0,0,0,0,0,0,0,0,0,0,0,0,0,0,0,0,0,0,0,0,0
WF075030_PTVP841_5G4PPWF.WF075P_-_2024-07-16 23:04:19_2024-07-16 23:55:04_PDS211.1_11,WF075030_PTVP841_5G4PPWF.WF075P_-_2024-07-16 23:04:19_2024-07-16 23:55:04_PDS211.1_11_1_5,WF075030,PDS211.1,11,PTVP841,5G4PPWF.WF075P,-,2024-07-16 23:04:19,2024-07-16 23:55:04,EX1,1,5,23124.6,148872.602,0.001848,0.0,0.054859,0.0,-0.808517,0.0,-0.002579,0.0,0,0.0,0.107073,0.0,-0.000392,0.0,0,0.0,0,0.0,0.004289,0,0,0.0,0,0.0,0,0.0,0,0,0,0,0,0.0,0,0.0,0,0.0,0,0,0,0,0,0,0,0,0,0.0,0,0.0,0,0,0,0,0,0,0,0,0,0,0,0,0,0,0,0,0,0,0,0,0,0,0,0
WF075030_PTVP841_5G4PPWF.WF075P_-_2024-07-16 23:04:19_2024-07-16 23:55:04_PDS211.1_11,WF075030_PTVP841_5G4PPWF.WF075P_-_2024-07-16 23:04:19_2024-07-16 23:55:04_PDS211.1_11_2_-5,WF075030,PDS211.1,11,PTVP841,5G4PPWF.WF075P,-,2024-07-16 23:04:19,2024-07-16 23:55:04,EX1,2,-5,46249.2,-134621.398,-0.000403,0.0,0.030856,0.0,-0.139495,0.0,0.000123,0.0,0,0.0,-0.003639,0.0,-0.000365,0.0,0,0.0,0,0.0,-0.000295,0,0,0.0,0,0.0,0,0.0,0,0,0,0,0,0.0,0,0.0,0,0.0,0,0,0,0,0,0,0,0,0,0.0,0,0.0,0,0,0,0,0,0,0,0,0,0,0,0,0,0,0,0,0,0,0,0,0,0,0,0
WF075030_PTVP841_5G4PPWF.WF075P_-_2024-07-16 23:04:19_2024-07-16 23:55:04_PDS211.1_11,WF075030_PTVP841_5G4PPWF.WF075P_-_2024-07-16 23:04:19_2024-07-16 23:55:04_PDS211.1_11_2_4,WF075030,PDS211.1,11,PTVP841,5G4PPWF.WF075P,-,2024-07-16 23:04:19,2024-07-16 23:55:04,EX1,2,4,46249.2,120523.202,0.000284,0.0,0.051819,0.0,-0.003846,0.0,0.000335,0.0,0,0.0,-0.001961,0.0,-0.000176,0.0,0,0.0,0,0.0,-3.8e-05,0,0,0.0,0,0.0,0,0.0,0,0,0,0,0,0.0,0,0.0,0,0.0,0,0,0,0,0,0,0,0,0,0.0,0,0.0,0,0,0,0,0,0,0,0,0,0,0,0,0,0,0,0,0,0,0,0,0,0,0,0
WF075030_PTVP841_5G4PPWF.WF075P_-_2024-07-16 23:04:19_2024-07-16 23:55:04_PDS211.1_11,WF075030_PTVP841_5G4PPWF.WF075P_-_2024-07-16 23:04:19_2024-07-16 23:55:04_PDS211.1_11_3_-5,WF075030,PDS211.1,11,PTVP841,5G4PPWF.WF075P,-,2024-07-16 23:04:19,2024-07-16 23:55:04,EX1,3,-5,69373.8,-134621.398,-0.002105,0.0,-0.079466,0.0,-0.108735,0.0,-0.001956,0.0,0,0.0,0.01982,0.0,-0.000123,0.0,0,0.0,0,0.0,-0.00117,0,0,0.0,0,0.0,0,0.0,0,0,0,0,0,0.0,0,0.0,0,0.0,0,0,0,0,0,0,0,0,0,0.0,0,0.0,0,0,0,0,0,0,0,0,0,0,0,0,0,0,0,0,0,0,0,0,0,0,0,0
WF075030_PTVP841_5G4PPWF.WF075P_-_2024-07-16 23:04:19_2024-07-16 23:55:04_PDS211.1_11,WF075030_PTVP841_5G4PPWF.WF075P_-_2024-07-16 23:04:19_2024-07-16 23:55:04_PDS211.1_11_3_4,WF075030,PDS211.1,11,PTVP841,5G4PPWF.WF075P,-,2024-07-16 23:04:19,2024-07-16 23:55:04,EX1,3,4,69373.8,120523.202,-0.000124,0.0,0.003122,0.0,0.064477,0.0,-0.000324,0.0,0,0.0,-0.000673,0.0,2.2e-05,0.0,0,0.0,0,0.0,0.000123,0,0,0.0,0,0.0,0,0.0,0,0,0,0,0,0.0,0,0.0,0,0.0,0,0,0,0,0,0,0,0,0,0.0,0,0.0,0,0,0,0,0,0,0,0,0,0,0,0,0,0,0,0,0,0,0,0,0,0,0,0
WF075030_PTVP841_5G4PPWF.WF075P_-_2024-07-16 23:04:19_2024-07-16 23:55:04_PDS211.1_11,WF075030_PTVP841_5G4PPWF.WF075P_-_2024-07-16 23:04:19_2024-07-16 23:55:04_PDS211.1_11_4_-4,WF075030,PDS211.1,11,PTVP841,5G4PPWF.WF075P,-,2024-07-16 23:04:19,2024-07-16 23:55:04,EX1,4,-4,92498.4,-106271.998,-0.000197,0.0,-0.002609,0.0,-0.092073,0.0,-0.000975,0.0,0,0.0,-0.001204,0.0,-0.00041,0.0,0,0.0,0,0.0,-6.1e-05,0,0,0.0,0,0.0,0,0.0,0,0,0,0,0,0.0,0,0.0,0,0.0,0,0,0,0,0,0,0,0,0,0.0,0,0.0,0,0,0,0,0,0,0,0,0,0,0,0,0,0,0,0,0,0,0,0,0,0,0,0
WF075030_PTVP841_5G4PPWF.WF075P_-_2024-07-16 23:04:19_2024-07-16 23:55:04_PDS211.1_11,WF075030_PTVP841_5G4PPWF.WF075P_-_2024-07-16 23:04:19_2024-07-16 23:55:04_PDS211.1_11_4_3,WF075030,PDS211.1,11,PTVP841,5G4PPWF.WF075P,-,2024-07-16 23:04:19,2024-07-16 23:55:04,EX1,4,3,92498.4,92173.802,0.000247,0.0,0.038487,0.0,0.022337,0.0,-0.001484,0.0,0,0.0,-0.001677,0.0,-0.000257,0.0,0,0.0,0,0.0,-3.3e-05,0,0,0.0,0,0.0,0,0.0,0,0,0,0,0,0.0,0,0.0,0,0.0,0,0,0,0,0,0,0,0,0,0.0,0,0.0,0,0,0,0,0,0,0,0,0,0,0,0,0,0,0,0,0,0,0,0,0,0,0,0
WF075030_PTVP841_5G4PPWF.WF075P_-_2024-07-16 23:04:19_2024-07-16 23:55:04_PDS211.1_11,WF075030_PTVP841_5G4PPWF.WF075P_-_2024-07-16 23:04:19_2024-07-16 23:55:04_PDS211.1_11_4_4,WF075030,PDS211.1,11,PTVP841,5G4PPWF.WF075P,-,2024-07-16 23:04:19,2024-07-16 23:55:04,EX1,4,4,92498.4,120523.202,-0.001197,0.0,-0.052007,0.0,0.172643,0.0,-0.014429,0.0,0,0.0,0.004729,0.0,-0.001039,0.0,0,0.0,0,0.0,0.000716,0,0,0.0,0,0.0,0,0.0,0,0,0,0,0,0.0,0,0.0,0,0.0,0,0,0,0,0,0,0,0,0,0.0,0,0.0,0,0,0,0,0,0,0,0,0,0,0,0,0,0,0,0,0,0,0,0,0,0,0,0
WF075030_PTVP841_5G4PPWF.WF075P_-_2024-07-16 23:04:19_2024-07-16 23:55:04_PDS211.1_11,WF075030_PTVP841_5G4PPWF.WF075P_-_2024-07-16 23:04:19_2024-07-16 23:55:04_PDS211.1_11_5_-3,WF075030,PDS211.1,11,PTVP841,5G4PPWF.WF075P,-,2024-07-16 23:04:19,2024-07-16 23:55:04,EX1,5,-3,115623.0,-77922.598,-0.000125,0.0,-0.029643,0.0,-0.061134,0.0,-0.005072,0.0,0,0.0,0.000903,0.0,-0.000376,0.0,0,0.0,0,0.0,-8.3e-05,0,0,0.0,0,0.0,0,0.0,0,0,0,0,0,0.0,0,0.0,0,0.0,0,0,0,0,0,0,0,0,0,0.0,0,0.0,0,0,0,0,0,0,0,0,0,0,0,0,0,0,0,0,0,0,0,0,0,0,0,0
WF075030_PTVP841_5G4PPWF.WF075P_-_2024-07-16 23:04:19_2024-07-16 23:55:04_PDS211.1_11,WF075030_PTVP841_5G4PPWF.WF075P_-_2024-07-16 23:04:19_2024-07-16 23:55:04_PDS211.1_11_5_2,WF075030,PDS211.1,11,PTVP841,5G4PPWF.WF075P,-,2024-07-16 23:04:19,2024-07-16 23:55:04,EX1,5,2,115623.0,63824.402,0.000243,0.0,0.045206,0.0,0.027365,0.0,-0.003226,0.0,0,0.0,0.000202,0.0,-0.000388,0.0,0,0.0,0,0.0,3.2e-05,0,0,0.0,0,0.0,0,0.0,0,0,0,0,0,0.0,0,0.0,0,0.0,0,0,0,0,0,0,0,0,0,0.0,0,0.0,0,0,0,0,0,0,0,0,0,0,0,0,0,0,0,0,0,0,0,0,0,0,0,0
WF075030_PTVP841_5G4PPWF.WF075P_-_2024-07-16 23:04:19_2024-07-16 23:55:04_PDS211.1_11,WF075030_PTVP841_5G4PPWF.WF075P_-_2024-07-16 23:04:19_2024-07-16 23:55:04_PDS211.1_11_5_3,WF075030,PDS211.1,11,PTVP841,5G4PPWF.WF075P,-,2024-07-16 23:04:19,2024-07-16 23:55:04,EX1,5,3,115623.0,92173.802,-0.000695,0.0,-0.113701,0.0,0.070643,0.0,-0.020636,0.0,0,0.0,-0.003947,0.0,-0.001436,0.0,0,0.0,0,0.0,-0.000326,0,0,0.0,0,0.0,0,0.0,0,0,0,0,0,0.0,0,0.0,0,0.0,0,0,0,0,0,0,0,0,0,0.0,0,0.0,0,0,0,0,0,0,0,0,0,0,0,0,0,0,0,0,0,0,0,0,0,0,0,0
WF075030_PTVP841_5G4PPWF.WF075P_-_2024-07-16 23:04:19_2024-07-16 23:55:04_PDS211.1_11,WF075030_PTVP841_5G4PPWF.WF075P_-_2024-07-16 23:04:19_2024-07-16 23:55:04_PDS211.1_11_6_-2,WF075030,PDS211.1,11,PTVP841,5G4PPWF.WF075P,-,2024-07-16 23:04:19,2024-07-16 23:55:04,EX1,6,-2,138747.6,-49573.198,-0.002265,0.0,-0.252827,0.0,-0.088399,0.0,0.015655,0.0,0,0.0,-0.001026,0.0,0.0015,0.0,0,0.0,0,0.0,-8.7e-05,0,0,0.0,0,0.0,0,0.0,0,0,0,0,0,0.0,0,0.0,0,0.0,0,0,0,0,0,0,0,0,0,0.0,0,0.0,0,0,0,0,0,0,0,0,0,0,0,0,0,0,0,0,0,0,0,0,0,0,0,0
WF075030_PTVP841_5G4PPWF.WF075P_-_2024-07-16 23:04:19_2024-07-16 23:55:04_PDS211.1_11,WF075030_PTVP841_5G4PPWF.WF075P_-_2024-07-16 23:04:19_2024-07-16 23:55:04_PDS211.1_11_6_-1,WF075030,PDS211.1,11,PTVP841,5G4PPWF.WF075P,-,2024-07-16 23:04:19,2024-07-16 23:55:04,EX1,6,-1,138747.6,-21223.798,-6e-05,0.0,-0.24359,0.0,-0.039427,0.0,-0.036352,0.0,0,0.0,0.001389,0.0,-0.001464,0.0,0,0.0,0,0.0,-8.9e-05,0,0,0.0,0,0.0,0,0.0,0,0,0,0,0,0.0,0,0.0,0,0.0,0,0,0,0,0,0,0,0,0,0.0,0,0.0,0,0,0,0,0,0,0,0,0,0,0,0,0,0,0,0,0,0,0,0,0,0,0,0
WF075030_PTVP841_5G4PPWF.WF075P_-_2024-07-16 23:04:19_2024-07-16 23:55:04_PDS211.1_11,WF075030_PTVP841_5G4PPWF.WF075P_-_2024-07-16 23:04:19_2024-07-16 23:55:04_PDS211.1_11_6_0,WF075030,PDS211.1,11,PTVP841,5G4PPWF.WF075P,-,2024-07-16 23:04:19,2024-07-16 23:55:04,EX1,6,0,138747.6,7125.602,0.000395,0.0,-0.171068,0.0,0.020901,0.0,-0.034754,0.0,0,0.0,0.00086,0.0,-0.001451,0.0,0,0.0,0,0.0,2.8e-05,0,0,0.0,0,0.0,0,0.0,0,0,0,0,0,0.0,0,0.0,0,0.0,0,0,0,0,0,0,0,0,0,0.0,0,0.0,0,0,0,0,0,0,0,0,0,0,0,0,0,0,0,0,0,0,0,0,0,0,0,0
WF075030_PTVP841_5G4PPWF.WF075P_-_2024-07-16 23:04:19_2024-07-16 23:55:04_PDS211.1_11,WF075030_PTVP841_5G4PPWF.WF075P_-_2024-07-16 23:04:19_2024-07-16 23:55:04_PDS211.1_11_6_1,WF075030,PDS211.1,11,PTVP841,5G4PPWF.WF075P,-,2024-07-16 23:04:19,2024-07-16 23:55:04,EX1,6,1,138747.6,35475.002,-0.000866,0.0,-0.171134,0.0,0.034578,0.0,0.00879,0.0,0,0.0,0.000652,0.0,0.001499,0.0,0,0.0,0,0.0,-4.1e-05,0,0,0.0,0,0.0,0,0.0,0,0,0,0,0,0.0,0,0.0,0,0.0,0,0,0,0,0,0,0,0,0,0.0,0,0.0,0,0,0,0,0,0,0,0,0,0,0,0,0,0,0,0,0,0,0,0,0,0,0,0
